date,min,max,median,q1,q3,stdev,count
2020-01-29T00:00:00.000Z,3.38,9.06,5.57,4.08,6.95,1.548,45
2020-01-30T00:00:00.000Z,2.21,106.62,13.97,4.76,80.95,38.025,290
2020-01-31T00:00:00.000Z,8.57,107,47.86,38.38,97.81,30.52,281
2020-02-01T00:00:00.000Z,37.28,117.97,91.61,70.76,104.16,22.568,318
2020-02-02T00:00:00.000Z,12.98,92.38,29.83,18.52,49.06,23.231,326
2020-02-03T00:00:00.000Z,18.73,231.91,39.68,34.27,58.21,44.892,312
2020-02-04T00:00:00.000Z,0.3,200.61,6.56,1.74,162.33,78.629,252
2020-02-05T00:00:00.000Z,0.26,12.88,2.37,1.37,4.2,2.371,237
2020-02-06T00:00:00.000Z,0.74,17.55,5.37,3.74,7.95,2.947,232
2020-02-07T00:00:00.000Z,3.04,34.96,14.68,8.96,21.11,7.741,210
2020-02-08T00:00:00.000Z,15.5,50.93,22.83,20.23,27.48,7.714,174
2020-02-09T00:00:00.000Z,40.17,85.74,65.19,57.16,72.31,9.691,318
2020-02-10T00:00:00.000Z,21.73,84.75,62.76,55.21,69.92,12.424,367
2020-02-11T00:00:00.000Z,0.5,60.24,4.09,1.65,45.1,21.403,355
2020-02-12T00:00:00.000Z,0.35,110.56,2.41,1.27,4.7,9.069,388
2020-02-13T00:00:00.000Z,4.12,61.7,27.42,19.48,35.61,13.337,377
2020-02-14T00:00:00.000Z,9.64,53.64,25.04,18.48,30.26,9.299,377
2020-02-15T00:00:00.000Z,14.2,81.4,46.3,35.26,50.5,13.477,329
2020-02-16T00:00:00.000Z,31.39,82.16,65.31,49.46,71.92,12.809,375
2020-02-17T00:00:00.000Z,14.06,110.05,58.08,40.29,76.48,24.984,345
2020-02-18T00:00:00.000Z,17.01,92.98,63.74,55.02,71.48,13.708,307
2020-02-19T00:00:00.000Z,0.7,83.7,48.51,34.21,58.36,24.601,452
2020-02-20T00:00:00.000Z,1.38,36.15,7.04,4.04,16.11,8.05,497
2020-02-21T00:00:00.000Z,9.07,42.9,26.48,20.76,31.13,7.12,418
2020-02-22T00:00:00.000Z,17.29,64.31,37.17,29.35,50.27,12.194,436
2020-02-23T00:00:00.000Z,5.66,80.59,28.4,16.44,59.51,22.924,443
2020-02-24T00:00:00.000Z,4.9,95.8,39.6,18.3,62.85,23.931,510
2020-02-25T00:00:00.000Z,23.7,101.34,75.66,66.43,83.66,19.066,440
2020-02-26T00:00:00.000Z,0.2,112.48,6.96,1.38,86.76,42.638,399
2020-02-27T00:00:00.000Z,0.4,28.18,2.37,1.62,3.53,2.222,543
2020-02-28T00:00:00.000Z,0.2,18.94,1.87,1.08,3.65,3.739,548
2020-02-29T00:00:00.000Z,3.4,22.52,7.96,6.05,10.61,3.521,572
2020-03-01T00:00:00.000Z,13.19,91.16,25.38,20.66,30.9,19.847,570
2020-03-02T00:00:00.000Z,2.7,81.34,11.41,6.85,62.35,27.189,464
2020-03-03T00:00:00.000Z,0.8,19.75,10.94,6.46,14.26,4.37,424
2020-03-04T00:00:00.000Z,1.34,22.66,7.25,3.92,11.44,4.808,582
2020-03-05T00:00:00.000Z,4.3,33.97,9.57,7.35,11.67,3.659,589
2020-03-06T00:00:00.000Z,9.36,47.08,20.61,15.75,24.43,8.009,588
2020-03-07T00:00:00.000Z,0.25,52.58,19.61,5.91,43.69,18.506,591
2020-03-08T00:00:00.000Z,2.25,23.86,7.22,3.98,12.08,5.058,590
2020-03-09T00:00:00.000Z,7.1,23.28,14.16,11.94,15.7,3.093,582
2020-03-10T00:00:00.000Z,1.75,37.11,10.83,4.2,24.33,10.302,575
2020-03-11T00:00:00.000Z,1.82,17.02,5.78,4.28,8.39,3.245,580
2020-03-12T00:00:00.000Z,2.8,63.6,7.88,5.51,15.14,18.591,488
2020-03-13T00:00:00.000Z,1.6,77.62,4.28,3.2,5.77,14.009,512
2020-03-14T00:00:00.000Z,1.1,92.08,5.52,3.15,29.13,28.689,545
2020-03-15T00:00:00.000Z,2.88,27.22,8.11,4.38,13,4.697,289
2020-03-16T00:00:00.000Z,3.96,20.98,9.67,7.78,13.44,3.95,579
2020-03-17T00:00:00.000Z,13.34,110.78,23.02,19.79,26.44,13.474,583
2020-03-18T00:00:00.000Z,11.93,52.44,38.61,26.81,41.63,9.283,506
2020-03-19T00:00:00.000Z,13.94,46.8,35.04,24.53,39.65,8.534,555
2020-03-20T00:00:00.000Z,5.39,54.56,31.28,23.25,36.06,8.934,475
2020-03-21T00:00:00.000Z,5.09,70.95,12.46,9.16,16.91,16.493,484
2020-03-22T00:00:00.000Z,3.2,72.15,7.46,5.97,40.58,22.584,457
2020-03-23T00:00:00.000Z,1.96,19.75,5.69,4.24,8.5,3.073,439
2020-03-24T00:00:00.000Z,2.89,22.3,5.52,4.19,13.06,4.876,442
2020-03-25T00:00:00.000Z,1.77,18.77,5.93,4.83,7.18,2.061,425
2020-03-26T00:00:00.000Z,3.38,45.16,6.18,4.98,7.85,3.243,433
2020-03-27T00:00:00.000Z,4.51,27.92,11.48,8.18,16.98,5.376,362
2020-03-28T00:00:00.000Z,27.92,61.63,49.08,46.39,51.87,4.994,176
2020-03-29T00:00:00.000Z,7.74,63.39,39.67,19.6,46.81,14.93,349
2020-03-30T00:00:00.000Z,1.36,21,5.38,3.88,9.84,3.991,140
2020-03-31T00:00:00.000Z,1.5,12.27,4.44,3.23,6.08,1.838,312
2020-04-01T00:00:00.000Z,3.89,56.82,8.88,6.69,10.93,5.758,192
2020-04-02T00:00:00.000Z,10.35,32.42,17.6,13.77,23.12,5.299,409
2020-04-03T00:00:00.000Z,20.01,47.82,30.15,26.68,34.59,5.754,454
2020-04-04T00:00:00.000Z,26.78,56,42.55,33.46,47.08,7.405,512
2020-04-05T00:00:00.000Z,11.23,45.68,18.61,14.44,28.3,9.149,535
2020-04-06T00:00:00.000Z,7.84,29.02,14.2,10.31,18.98,5.163,499
2020-04-07T00:00:00.000Z,9.8,37.18,17.23,14.18,21.42,5.929,447
2020-04-08T00:00:00.000Z,4.67,27.8,11.18,7.52,15.82,5.487,458
2020-04-09T00:00:00.000Z,4.3,24.98,10.94,8.55,13.89,3.855,459
2020-04-10T00:00:00.000Z,5.22,30.52,16.02,11.45,20.84,5.942,497
2020-04-11T00:00:00.000Z,1.42,13.87,3.68,2.97,5.45,2.412,149
2020-04-12T00:00:00.000Z,0.88,10.48,2.74,2.17,3.35,1.234,577
2020-04-13T00:00:00.000Z,2.61,10.78,5.62,4.04,7.06,1.842,578
2020-04-14T00:00:00.000Z,0.35,56.85,5.99,3.81,8.43,6.788,552
2020-04-15T00:00:00.000Z,3.22,13.93,7.41,6.15,8.97,2.111,336
2020-05-04T00:00:00.000Z,0.41,10.83,2.6,1.86,3.68,1.688,178
2020-05-05T00:00:00.000Z,0.54,11.58,2.99,2.18,4.11,1.681,497
2020-05-06T00:00:00.000Z,2.2,15.68,5.89,4.82,7.53,2.062,581
2020-05-07T00:00:00.000Z,1.48,21.51,7.04,5.48,8.8,3.305,384
2020-05-08T00:00:00.000Z,0.73,26.88,9.75,2.95,13.54,6.101,350
2020-05-09T00:00:00.000Z,0.52,9.31,2.65,1.72,3.51,1.515,344
2020-05-10T00:00:00.000Z,1.88,10.56,4.61,3.8,5.53,1.545,246
2020-05-11T00:00:00.000Z,2.41,21.08,10.11,8.14,12.21,3.466,357
2020-05-12T00:00:00.000Z,0.49,23,3.72,2.4,7.65,5.141,472
2020-05-13T00:00:00.000Z,2.35,34.25,10.1,7.13,13.23,4.439,472
2020-05-14T00:00:00.000Z,3.2,30.98,13,10.37,17.25,5.202,456
2020-05-15T00:00:00.000Z,0.92,15.76,4.01,2.9,5.5,2.219,526
2020-05-16T00:00:00.000Z,2.48,32.75,12.75,6.02,17.92,8.261,341
2020-05-17T00:00:00.000Z,1.72,34.34,6.64,4.46,9.26,5.663,544
2020-05-18T00:00:00.000Z,3.47,37.36,9.98,7.73,13.8,6.175,460
2020-05-19T00:00:00.000Z,1.8,22.25,6.86,4.36,11.84,4.626,544
2020-05-20T00:00:00.000Z,1.78,18.61,8.74,4.69,11.69,4.333,559
2020-05-21T00:00:00.000Z,1.81,26.72,7,5.38,10.77,4.734,509
2020-05-22T00:00:00.000Z,1.85,31.87,13.5,9.48,18.92,6.766,547
2020-05-23T00:00:00.000Z,1.4,17.17,4.59,3.1,6.1,2.007,506
2020-05-24T00:00:00.000Z,0.4,10.77,3.08,1.79,4.5,1.858,541
2020-05-25T00:00:00.000Z,0.43,21.02,2.7,1.83,3.9,2.052,547
2020-05-26T00:00:00.000Z,0.4,18.6,4.25,2.58,6.45,2.898,503
2020-05-27T00:00:00.000Z,0.45,22.75,2.7,1.67,4.09,2.019,527
2020-05-28T00:00:00.000Z,1.6,30.62,7.62,5.7,10.1,3.978,348
2020-05-29T00:00:00.000Z,1,13.95,2.38,1.87,3.21,1.433,256
2020-05-30T00:00:00.000Z,2.12,59.85,6.97,4.95,10.18,4.572,571
2020-05-31T00:00:00.000Z,2.15,23.23,5.86,3.97,8.05,3.743,508
2020-06-01T00:00:00.000Z,0.93,18.05,5.77,3.65,8.07,3.123,496
2020-06-02T00:00:00.000Z,0.7,23.4,5.37,2.2,8.47,4.104,535
2020-06-03T00:00:00.000Z,1.02,10.93,3.17,2.24,4.22,1.6,449
2020-06-04T00:00:00.000Z,0.52,16.7,5.6,3.4,6.68,2.22,538
2020-06-05T00:00:00.000Z,0.32,55.4,2.15,1.26,3.22,3.075,452
2020-06-06T00:00:00.000Z,1.55,12.6,4.9,3.67,6.28,1.953,493
2020-06-07T00:00:00.000Z,0.3,16.67,3.6,1.6,5.62,2.544,553
2020-06-08T00:00:00.000Z,0.2,15.7,1.65,0.93,2.72,2.424,538
2020-06-09T00:00:00.000Z,0.2,16.52,2.65,1.46,5.07,2.38,497
2020-06-10T00:00:00.000Z,0.47,54.47,3.83,2.27,5.57,3.873,515
2020-06-11T00:00:00.000Z,0.6,255.15,8.4,3.1,12.88,11.938,547
2020-06-12T00:00:00.000Z,0.9,29.02,4.82,2.87,9.03,6.307,557
2020-06-13T00:00:00.000Z,0.5,19.87,3.03,1.85,4.32,2.172,541
2020-06-14T00:00:00.000Z,0.5,21.48,2.92,1.44,6.56,4.712,341
2020-06-15T00:00:00.000Z,0.8,19.1,7.68,4.3,9.73,3.485,564
2020-06-16T00:00:00.000Z,0.35,15.68,4.34,2.52,7.76,3.464,573
2020-06-17T00:00:00.000Z,0.4,7.95,1.9,1.27,2.65,1.232,545
2020-06-18T00:00:00.000Z,0.68,21.02,3.47,2.35,5.03,2.211,502
2020-06-19T00:00:00.000Z,0.3,79.06,3.21,2.09,4.78,5.636,488
2020-06-20T00:00:00.000Z,0.5,13.6,2.75,1.7,4.8,2.307,585
2020-06-21T00:00:00.000Z,0.1,9.88,1.3,0.52,2.42,1.378,583
2020-06-22T00:00:00.000Z,0.43,13.3,2.12,1.2,3.45,1.851,555
2020-06-23T00:00:00.000Z,0.4,200.82,2.95,1.77,4.34,8.534,567
2020-06-24T00:00:00.000Z,1.6,16.98,5.2,3.67,7.03,2.419,591
2020-06-25T00:00:00.000Z,1.92,17.7,6.12,4.09,7.93,2.739,568
2020-06-26T00:00:00.000Z,1.14,14.93,5.14,3.83,6.31,1.911,560
2020-06-27T00:00:00.000Z,2.17,45.45,6.95,4.95,9.25,3.928,523
2020-06-28T00:00:00.000Z,1.35,12.73,4.93,3.17,7.07,2.359,447
2020-06-29T00:00:00.000Z,1.27,206.68,4.09,2.85,5.89,11.466,461
2020-06-30T00:00:00.000Z,2.5,22.45,7.28,6.1,8.75,2.529,471
2020-07-01T00:00:00.000Z,0.7,24.6,4.4,3.05,6.2,2.675,459
2020-07-02T00:00:00.000Z,0.55,18.35,3.87,2.5,5.95,2.651,450
2020-07-03T00:00:00.000Z,0.4,15.77,1.98,1.24,2.67,1.65,477
2020-07-04T00:00:00.000Z,0.4,13.57,1.85,1.05,2.67,1.631,495
2020-07-05T00:00:00.000Z,1.02,13.18,2.65,1.98,3.79,1.668,472
2020-07-06T00:00:00.000Z,0.37,15.3,6.65,5.25,9.35,3.073,283
2020-07-07T00:00:00.000Z,0.5,17.62,3.03,1.9,4.68,2.284,423
2020-07-08T00:00:00.000Z,0.82,25.2,3.76,2.7,5.15,2.363,446
2020-07-09T00:00:00.000Z,1.42,27.27,6.8,5.05,8.81,3.444,473
2020-07-10T00:00:00.000Z,1.9,30.17,7.28,4.78,10.18,3.937,431
2020-07-11T00:00:00.000Z,0.43,18.55,4.25,2.24,5.95,2.674,332
2020-07-12T00:00:00.000Z,0.1,19.07,2.15,0.85,5.75,3.32,405
2020-07-13T00:00:00.000Z,0.37,11.45,1.9,0.98,3.1,1.825,398
2020-07-14T00:00:00.000Z,0.47,18.77,2.47,1.61,3.78,2.039,441
2020-07-15T00:00:00.000Z,1.4,21,5.5,4.15,7.18,2.842,331
2020-07-16T00:00:00.000Z,1.08,17.42,4.63,2.78,6.84,2.785,328
2020-07-17T00:00:00.000Z,1.25,29.1,5.55,3.78,8.63,3.946,488
2020-07-18T00:00:00.000Z,0.2,16.32,1.3,0.7,2.21,1.682,449
2020-07-19T00:00:00.000Z,0.6,11,1.98,1.45,3.1,1.783,161
2020-07-20T00:00:00.000Z,1.2,336.85,2.44,1.83,3.62,24.737,182
2020-07-21T00:00:00.000Z,0.98,20.98,3.35,2.47,4.57,1.948,267
2020-07-22T00:00:00.000Z,1.48,15.43,3.92,2.9,5.47,2.233,274
2020-07-23T00:00:00.000Z,1.65,20.35,5.77,4.15,8.57,3.826,306
2020-07-24T00:00:00.000Z,0.32,28.87,2.52,1.4,4.19,4.896,385
2020-07-25T00:00:00.000Z,3.92,16.77,7.13,5.35,9.53,2.786,80
2020-07-26T00:00:00.000Z,0.6,13.6,2.83,1.95,4,1.816,447
2020-07-27T00:00:00.000Z,1.3,20.62,3.65,2.52,5.2,2.53,282
2020-07-28T00:00:00.000Z,2.83,32.1,6.34,4.62,8.93,3.453,422
2020-07-29T00:00:00.000Z,2.85,21.7,8.16,6.18,10.75,3.565,334
2020-07-30T00:00:00.000Z,2.67,35.6,6.97,5.35,9.14,4.47,360
2020-07-31T00:00:00.000Z,2.12,20.39,6.71,5.12,8.9,2.998,274
2020-08-01T00:00:00.000Z,1.55,37.58,10.25,7.5,13.57,7.395,359
2020-08-02T00:00:00.000Z,0.85,25.48,3.87,3.12,5.26,2.806,336
2020-08-03T00:00:00.000Z,0,12.8,1.9,0.95,3.19,1.787,345
2020-08-04T00:00:00.000Z,0,8.44,0.7,0.3,1.61,1.411,404
2020-08-05T00:00:00.000Z,0.2,19.85,1.13,0.62,1.98,1.755,430
2020-08-06T00:00:00.000Z,0.56,6.2,1.84,1.1,2.96,1.364,28
2020-08-13T00:00:00.000Z,2.6,15.65,5.76,4.55,7.37,2.347,244
2020-08-14T00:00:00.000Z,1.12,20.35,5.09,3.79,6.47,2.348,392
2020-08-15T00:00:00.000Z,1.4,28,3.95,3.1,6.03,2.694,465
2020-08-16T00:00:00.000Z,0.85,17.95,4.04,2.62,5.65,2.374,484
2020-08-17T00:00:00.000Z,1.77,26.27,4.44,3.15,6.1,2.675,470
2020-08-18T00:00:00.000Z,1.37,20.5,5.21,3.34,8.86,4.018,444
2020-08-19T00:00:00.000Z,0.9,24.6,3.89,2.59,5.53,2.465,440
2020-08-20T00:00:00.000Z,1.08,24.6,5.3,3.42,7.95,3.83,458
2020-08-21T00:00:00.000Z,1.87,16.35,5.28,3.8,7.43,2.724,456
2020-08-22T00:00:00.000Z,0.98,20.17,4.28,2.22,6.45,3.099,407
2020-08-23T00:00:00.000Z,0.6,12.45,1.92,1.35,2.94,1.551,413
2020-08-24T00:00:00.000Z,0.5,12.55,2.7,1.8,3.6,1.847,342
2020-08-25T00:00:00.000Z,0.62,18.17,3.25,2.2,4.95,2.636,385
2020-08-26T00:00:00.000Z,1.48,20.25,4.13,2.87,5.86,2.776,392
2020-08-27T00:00:00.000Z,1.52,18.3,7.29,5,9.55,3.198,458
2020-08-28T00:00:00.000Z,0.9,45.8,10.57,4.43,17.05,8.281,403
2020-08-29T00:00:00.000Z,1.1,19.3,4.5,2.95,9.18,4.224,158
2020-09-01T00:00:00.000Z,0.45,2.7,1.06,0.7,2.15,0.719,14
2020-09-02T00:00:00.000Z,0.1,22,1.98,1.02,3.24,2.294,476
2020-09-03T00:00:00.000Z,0.35,28.12,3.25,1.9,5.32,3.046,469
2020-09-04T00:00:00.000Z,0.9,57.05,5.07,3.42,8.16,5.786,480
2020-09-05T00:00:00.000Z,0.3,20.1,6.25,2.6,8.93,3.939,475
2020-09-06T00:00:00.000Z,0.4,26.8,1.8,1.2,3.15,2.103,479
2020-09-07T00:00:00.000Z,0.37,16.25,2.04,1.35,3.25,2.008,450
2020-09-08T00:00:00.000Z,1.27,19.77,3.83,2.6,6.28,3.292,383
2020-09-09T00:00:00.000Z,3.25,26.95,9.35,6.85,12,4.017,405
2020-09-10T00:00:00.000Z,5.55,33.58,14.05,10.7,17.32,4.866,344
2020-09-11T00:00:00.000Z,3.6,40,11.14,8.55,14,4.743,310
2020-09-12T00:00:00.000Z,4.97,37.42,11.83,9.02,14.62,4.496,296
2020-09-13T00:00:00.000Z,4.18,31.85,11.51,8.68,14.75,4.856,358
2020-09-14T00:00:00.000Z,4.84,26.98,9.88,7.8,13.02,4.101,286
2020-09-15T00:00:00.000Z,3.62,135.85,10.38,7.4,13.57,8.913,247
2020-09-16T00:00:00.000Z,6.75,18.23,11.42,9.88,13.73,2.979,38
2020-09-17T00:00:00.000Z,5.35,33.22,11.1,9.27,15.05,4.591,147
2020-09-18T00:00:00.000Z,4.55,57.1,9.91,8.1,14.65,5.453,324
2020-09-19T00:00:00.000Z,3.28,48.45,11.3,8.55,16.57,7.854,307
2020-09-20T00:00:00.000Z,5.35,40.85,20.42,12.39,27.53,8.625,233
2020-09-21T00:00:00.000Z,4.93,63.42,29.05,23.02,35.28,8.494,223
2020-09-22T00:00:00.000Z,1.37,39.6,11.08,4.8,16.17,7.366,344
2020-09-23T00:00:00.000Z,1.12,37.4,6.3,2.97,15.67,7.435,449
2020-09-24T00:00:00.000Z,1.45,33.88,10.02,7.2,13.55,5.29,467
2020-09-25T00:00:00.000Z,0.1,24.35,7.15,0.93,10.97,5.465,353
2020-09-26T00:00:00.000Z,0,16.48,0.68,0.31,1.61,1.795,277
2020-09-27T00:00:00.000Z,0.2,12.3,1.25,0.73,2.25,1.318,231
2020-09-28T00:00:00.000Z,0.6,21.35,2.54,1.45,4.86,3.472,273
2020-09-29T00:00:00.000Z,0.7,22.25,5.35,3.61,7.86,3.43,261
2020-09-30T00:00:00.000Z,0.82,38.35,5.74,3.7,9.75,5.092,386
2020-10-01T00:00:00.000Z,1.12,34.75,7.65,3.72,12.43,6.209,304
2020-10-02T00:00:00.000Z,3.65,47.25,12.56,7.84,21.44,10.891,268
2020-10-03T00:00:00.000Z,0.1,19.5,2.4,0.9,5.01,3.321,249
2020-10-04T00:00:00.000Z,0.4,11.1,2.54,1.77,3.5,1.668,314
2020-10-05T00:00:00.000Z,0.4,32.1,3.63,2.27,5.78,3.279,318
2020-10-06T00:00:00.000Z,1.35,21.58,6.78,4.88,9.14,3.226,337
2020-10-07T00:00:00.000Z,0.1,38.92,3.3,1.65,5.74,4.184,332
2020-10-08T00:00:00.000Z,1.8,693.67,6.82,4.47,10.19,38.891,315
2020-10-09T00:00:00.000Z,1.98,37.92,9.47,4.87,17.55,7.506,346
2020-10-10T00:00:00.000Z,2.6,38.47,14.87,6.24,20.73,8.216,413
2020-10-11T00:00:00.000Z,0.1,17.57,1.87,0.7,3.99,3.082,429
2020-10-12T00:00:00.000Z,0.1,32.53,3.16,1.6,5.05,3.705,344
2020-10-13T00:00:00.000Z,0.37,35.54,5.47,3.66,8.24,4.03,409
2020-10-14T00:00:00.000Z,2.52,49.5,9.23,5.82,16.69,7.221,392
2020-10-15T00:00:00.000Z,2.78,84.43,15.25,7.12,19.48,8.016,394
2020-10-16T00:00:00.000Z,2.02,55.03,10.45,6.47,18.86,9.76,428
2020-10-17T00:00:00.000Z,3.72,137.05,12.22,9.47,21.91,10.133,412
2020-10-18T00:00:00.000Z,16.02,46.47,25.69,22.41,31.45,6.043,436
2020-10-19T00:00:00.000Z,18.13,54.38,31.25,27.77,38.03,7.25,431
2020-10-20T00:00:00.000Z,10.5,66.2,32.2,19.8,44.14,14.44,445
2020-10-21T00:00:00.000Z,11.43,179.5,31.03,18.63,39.22,13.454,430
2020-10-22T00:00:00.000Z,9.15,50.7,18.35,14.35,25.98,8.522,419
2020-10-23T00:00:00.000Z,13.73,175.25,67.06,34.71,129.3,48.424,408
2020-10-24T00:00:00.000Z,15.2,134.65,42.33,33.54,94.95,33.906,427
2020-10-25T00:00:00.000Z,5.55,71.56,45.79,37.71,55.95,17.247,476
2020-10-26T00:00:00.000Z,0.4,35.97,7.9,5,14,5.884,475
2020-10-27T00:00:00.000Z,0,25.5,2.27,0.6,5.54,3.608,449
2020-10-28T00:00:00.000Z,1.14,34.79,5.93,4.09,8.3,3.913,467
2020-10-29T00:00:00.000Z,3.17,29.73,11.82,9.19,14.07,4.219,459
2020-10-30T00:00:00.000Z,6.4,53.65,20.13,14.95,35.75,12.022,475
2020-10-31T00:00:00.000Z,22.95,87.28,49.47,34.5,64.93,16.693,487
2020-11-01T00:00:00.000Z,16.23,131.02,35,27.02,48.65,20.225,482
2020-11-02T00:00:00.000Z,15.23,66.53,38.15,29.75,47.75,12.189,439
2020-11-03T00:00:00.000Z,32.6,103.15,62.15,53.55,72.38,14.077,455
2020-11-04T00:00:00.000Z,39.92,145.25,79.72,54.45,100.16,26.973,348
2020-11-05T00:00:00.000Z,30,106.38,52.92,46.5,83.05,21.096,298
2020-11-06T00:00:00.000Z,20.85,145.3,45.02,36.68,66.39,23.164,320
2020-11-07T00:00:00.000Z,19.67,70.06,45.3,38.28,51.88,9.331,390
2020-11-08T00:00:00.000Z,6.6,79.45,27.58,19.1,42.75,16.44,351
2020-11-09T00:00:00.000Z,15.25,68.93,37.22,28.8,45.7,10.946,288
2020-11-10T00:00:00.000Z,28.17,93.2,59.33,40.67,75.67,18.181,336
2020-11-11T00:00:00.000Z,28.17,110.15,72.54,58.38,85.8,19.845,338
2020-11-12T00:00:00.000Z,59.63,119.22,80,73.8,86.78,8.846,287
2020-11-13T00:00:00.000Z,72.78,132,95.2,86.85,107.98,13.06,309
2020-11-14T00:00:00.000Z,79.7,153.22,119.52,106.8,127.78,15.73,338
2020-11-15T00:00:00.000Z,46.03,111.4,90.45,76.44,95.48,13.619,293
2020-11-16T00:00:00.000Z,40.33,100.55,69.54,60.83,77.55,12.659,282
2020-11-17T00:00:00.000Z,18.25,96.8,43.9,31.62,54.19,18.769,308
2020-11-18T00:00:00.000Z,17.48,100.45,43.88,27.31,58.76,20.792,369
2020-11-19T00:00:00.000Z,26.1,114.95,49.04,40.67,61.83,14.011,370
2020-11-20T00:00:00.000Z,0.8,71.95,11.13,3.28,28.12,18.709,368
2020-11-21T00:00:00.000Z,0.98,31.67,5.18,2.88,10.23,5.229,314
2020-11-22T00:00:00.000Z,4.09,26.27,9.05,7.13,11.2,3.31,310
2020-11-23T00:00:00.000Z,12.3,46.38,23.96,18.97,28.37,6.459,276
2020-11-24T00:00:00.000Z,23.3,69.63,37.1,33.38,42.83,6.919,283
2020-11-25T00:00:00.000Z,34.78,75.72,49.32,45.43,53.96,6.757,300
2020-11-26T00:00:00.000Z,41.15,105.2,67.48,60.5,77.38,13.803,286
2020-11-27T00:00:00.000Z,67.03,131.72,89.13,83.47,95.68,8.939,278
2020-11-28T00:00:00.000Z,45.28,150.18,85.07,72.9,98.63,19.046,283
2020-11-29T00:00:00.000Z,47.03,87.75,66.68,58.97,72.55,8.818,279
2020-11-30T00:00:00.000Z,10.95,58.53,25.93,18.07,40.63,12.264,258
2020-12-01T00:00:00.000Z,14.43,44.9,22.88,20.17,26.13,5.161,237
2020-12-02T00:00:00.000Z,2.04,30.73,8.85,5.78,18.55,7.241,228
2020-12-03T00:00:00.000Z,7.32,62.83,31.5,27.4,36.22,9.205,237
2020-12-04T00:00:00.000Z,1.83,75.2,26,5.33,31.76,17.361,265
2020-12-05T00:00:00.000Z,3.28,44.55,11.91,7.68,18.6,9.134,250
2020-12-06T00:00:00.000Z,8.35,49.05,23.8,16.85,31,8.913,347
2020-12-07T00:00:00.000Z,10.38,112.6,22.49,16.87,26.84,11.671,292
2020-12-08T00:00:00.000Z,1.14,18.5,4.45,2.47,9.07,4.019,282
2020-12-09T00:00:00.000Z,1.05,51.35,10.27,5.43,15.25,8.147,253
2020-12-10T00:00:00.000Z,1.85,38.78,15.68,7.6,22.58,8.87,263
2020-12-11T00:00:00.000Z,7.75,61.78,35.75,26.5,43.3,12.577,315
2020-12-12T00:00:00.000Z,27.4,71.03,40.33,36.25,45.99,7.317,317
2020-12-13T00:00:00.000Z,18.57,49.88,32.17,28.05,35.9,6.622,299
2020-12-14T00:00:00.000Z,19.39,70.22,38.95,33.42,44.4,9.406,289
2020-12-15T00:00:00.000Z,12.7,62.38,31.7,23.13,45.49,13.7,309
2020-12-16T00:00:00.000Z,23.05,51,34.78,30.79,38.42,5.31,308
2020-12-17T00:00:00.000Z,15.48,83.95,32.17,27.98,43.88,16.322,279
2020-12-18T00:00:00.000Z,36.53,111.85,69.72,61.78,81.09,13.59,307
2020-12-19T00:00:00.000Z,40.47,150.68,73.53,55.95,88.05,20.388,287
2020-12-20T00:00:00.000Z,11.45,61.95,34.17,25.08,47.52,12.652,301
2020-12-21T00:00:00.000Z,11.93,83.22,53.28,31.38,64.81,17.968,297
2020-12-22T00:00:00.000Z,13.95,80.59,34.19,27.15,51.67,14.538,282
2020-12-23T00:00:00.000Z,8.1,75.75,44.08,30.98,56.9,15.923,306
2020-12-24T00:00:00.000Z,3.78,26.65,9.91,8.24,11.65,3.228,280
2020-12-25T00:00:00.000Z,0.2,25.33,1.73,0.65,10.56,6.422,308
2020-12-26T00:00:00.000Z,0.25,15.23,1.9,0.93,3.7,3.426,295
2020-12-27T00:00:00.000Z,3.05,57.2,10.77,6.17,25.63,14.196,301
2020-12-28T00:00:00.000Z,1.7,69.18,9.63,4.2,24.4,11.289,295
2020-12-29T00:00:00.000Z,16.17,32.47,21.77,19.64,23.66,3.052,69
2021-01-06T00:00:00.000Z,4.2,4.2,4.2,4.2,4.2,0,1
2021-01-08T00:00:00.000Z,12.5,12.5,12.5,12.5,12.5,0,1
2021-01-10T00:00:00.000Z,3.03,35.54,6.78,5.75,8.97,3.269,169
2021-01-11T00:00:00.000Z,8.23,47.35,15.38,13.02,18.32,4.848,187
2021-01-12T00:00:00.000Z,8.6,38.35,25.05,20.51,28.58,6.057,272
2021-01-13T00:00:00.000Z,5.35,52.72,17.45,11.27,29.23,11.069,258
2021-01-14T00:00:00.000Z,13.07,72.68,33.15,25.9,45.78,11.511,250
2021-01-15T00:00:00.000Z,1.35,38.95,6.58,3.78,13.05,8.125,284
2021-01-16T00:00:00.000Z,5.15,37.88,12.9,9.4,17.35,6.009,263
2021-01-17T00:00:00.000Z,20.58,68.63,37.25,29.91,49.23,11.515,237
2021-01-18T00:00:00.000Z,39.79,145.35,92.3,53.17,111.97,30.803,230
2021-01-19T00:00:00.000Z,71.63,152.88,114.35,106.85,126.78,16.494,213
2021-01-20T00:00:00.000Z,73.93,137.97,108.44,96.31,121.49,14.369,264
2021-01-21T00:00:00.000Z,25.55,129.47,75.38,64.68,96.47,24.34,242
2021-01-22T00:00:00.000Z,3.1,119.03,29.85,7.28,72.38,33.073,259
2021-01-23T00:00:00.000Z,0.03,28.48,4.13,1.7,8.13,5.101,263
2021-01-24T00:00:00.000Z,0.1,40.25,11.18,7.93,14.26,5.617,281
2021-01-25T00:00:00.000Z,0.3,21.1,3.03,1.92,5.03,2.718,241
2021-01-26T00:00:00.000Z,0.1,11.18,1,0.47,1.98,1.576,263
2021-01-27T00:00:00.000Z,1.2,33.97,4.54,2.6,9.39,5.621,232
2021-01-28T00:00:00.000Z,1.5,30.1,11.13,5.11,15.18,6.25,285
2021-01-29T00:00:00.000Z,10.4,46.8,30.67,26.58,34.33,5.566,223
2021-01-30T00:00:00.000Z,2.67,66.18,17.27,9.56,38.53,17.244,245
2021-01-31T00:00:00.000Z,3.95,56.1,25.7,16.23,40.17,14.264,266
2021-02-01T00:00:00.000Z,3.17,59.58,8.52,6.38,15.85,9.486,215
2021-02-02T00:00:00.000Z,34.42,97.43,69.81,60.49,77.2,14.744,241
2021-02-03T00:00:00.000Z,9.3,133.05,31.38,17.27,76.58,34.721,153
2021-02-04T00:00:00.000Z,8.93,51.7,27.8,19.52,36.13,9.965,262
2021-02-05T00:00:00.000Z,23.2,65.43,37.07,31.8,42.83,8.281,110
2021-02-08T00:00:00.000Z,0.77,19.85,7.25,3.22,11.91,4.924,149
2021-02-09T00:00:00.000Z,2.2,40.33,9.99,7.5,14.57,7.292,238
2021-02-10T00:00:00.000Z,0.8,38.5,4.55,2.54,7.57,7.905,242
2021-02-11T00:00:00.000Z,2.83,32.15,9.32,5.72,12.1,5.219,219
2021-02-12T00:00:00.000Z,4.15,20.7,9.3,7.3,11.95,3.347,265
2021-02-13T00:00:00.000Z,2.08,68.09,5.75,3.76,8.48,7.087,257
2021-02-14T00:00:00.000Z,4.93,36.25,11.63,9.15,14.26,4.206,241
2021-02-15T00:00:00.000Z,2.63,37.17,12.43,6.45,17.64,6.466,247
2021-02-16T00:00:00.000Z,1.7,29.3,14.48,10.38,17.5,6.167,235
2021-02-17T00:00:00.000Z,5.03,78.45,19.63,13.6,28.46,12.857,233
2021-02-18T00:00:00.000Z,65.97,122.85,88.28,81.68,94.25,11.816,267
2021-02-19T00:00:00.000Z,42.72,134.82,94.2,79.44,109.3,19.678,225
2021-02-20T00:00:00.000Z,59.42,134.43,92.25,80.25,110.15,17.82,247
2021-02-21T00:00:00.000Z,37.9,164.95,73.65,60.05,101.6,32.351,255
2021-02-22T00:00:00.000Z,43.05,85.65,66.89,61.17,71.97,7.6,220
2021-02-23T00:00:00.000Z,35.28,95.72,51.42,44.64,67.44,15.784,228
2021-02-24T00:00:00.000Z,27.02,65.25,46.13,40.75,50.72,7.339,237
2021-02-25T00:00:00.000Z,28.63,82.22,49.47,44.78,54.89,8.463,237
2021-02-26T00:00:00.000Z,29.73,80.9,53.15,44.75,59.93,10.514,225
2021-02-27T00:00:00.000Z,4.4,71.43,47.42,39.22,54.78,14.088,259
2021-02-28T00:00:00.000Z,1.77,21.45,6.38,4.09,9.75,3.818,259
2021-03-01T00:00:00.000Z,8.1,582.33,17.17,14.48,22.65,44.37,235
2021-03-02T00:00:00.000Z,15.2,82.03,26.85,22.48,31.42,6.973,246
2021-03-03T00:00:00.000Z,31.15,86.93,47.72,41.02,54.29,8.926,229
2021-03-04T00:00:00.000Z,7.85,64.95,17.14,12.64,55.21,21.008,233
2021-03-05T00:00:00.000Z,13,41.9,22.3,19.45,26.05,5.012,251
2021-03-06T00:00:00.000Z,1.33,80.81,5.55,4.22,9.34,18.623,241
2021-03-07T00:00:00.000Z,2.67,26.13,7.72,5.73,10.34,4.292,269
2021-03-08T00:00:00.000Z,14.6,39.95,21.73,19.25,24.88,4.955,243
2021-03-09T00:00:00.000Z,11.05,43.92,30.81,24.53,34.56,7.334,256
2021-03-10T00:00:00.000Z,10.77,60.28,20.75,18.43,24.77,6.66,236
2021-03-11T00:00:00.000Z,23.88,50.85,38.4,35.51,41.57,4.836,241
2021-03-12T00:00:00.000Z,12.8,84.53,36.67,23.49,43.88,15.305,248
2021-03-13T00:00:00.000Z,10.13,90.68,41.7,31.84,69,21.035,252
2021-03-14T00:00:00.000Z,0,49.72,1.5,0.43,10.9,9.988,243
2021-03-15T00:00:00.000Z,0.1,13.32,1.17,0.5,2.7,1.918,219
2021-03-16T00:00:00.000Z,0,30.83,0.43,0.2,1.25,2.82,221
2021-03-17T00:00:00.000Z,0.1,23.33,1.02,0.5,1.88,2.055,252
2021-03-18T00:00:00.000Z,0.8,16.95,3.33,2.06,5,2.413,237
2021-03-19T00:00:00.000Z,1.63,22.13,5.4,3.59,7.38,2.797,225
2021-03-20T00:00:00.000Z,2.58,20,6.53,4.3,9.38,3.718,224
2021-03-21T00:00:00.000Z,1.33,14.7,3.45,2.9,4.45,1.997,210
2021-03-22T00:00:00.000Z,2.2,34.58,7.93,4.78,13.18,6.029,230
2021-03-23T00:00:00.000Z,1.67,21.52,7.38,5.15,9.88,3.716,302
2021-03-24T00:00:00.000Z,2.6,35.1,16.3,12.55,20.63,6.365,195
2021-03-25T00:00:00.000Z,3.63,59.08,14.52,8.5,24.23,14.185,217
2021-03-26T00:00:00.000Z,3.92,46.92,12.45,8.53,22.67,9.526,173
2021-03-27T00:00:00.000Z,2.85,35.95,9.84,7.34,16.59,7.293,184
2021-03-28T00:00:00.000Z,2.92,31.95,7.98,5.55,11.49,6.583,116
2021-03-29T00:00:00.000Z,3.58,38.15,10.19,6.12,20.37,8.475,185
2021-03-30T00:00:00.000Z,24.7,81.43,36.6,32.92,46.78,10.955,217
2021-03-31T00:00:00.000Z,28.02,78.13,51.39,41.85,55.67,9.276,198
2021-04-01T00:00:00.000Z,0.95,68.95,29.53,4.38,46.69,20.43,176
2021-04-02T00:00:00.000Z,1.1,17.85,5.5,3.59,8.91,3.84,196
2021-04-03T00:00:00.000Z,1.42,23.4,4.82,3.22,7.98,4.167,209
2021-04-04T00:00:00.000Z,0.85,15.3,2.83,1.9,4.05,2.314,196
2021-04-05T00:00:00.000Z,0.8,10.43,3,2.22,4.28,1.778,143
2021-04-06T00:00:00.000Z,0.2,16.48,2.58,1.58,4.43,2.417,234
2021-04-07T00:00:00.000Z,0.17,11.3,1.8,0.68,3.88,2.317,161
2021-04-08T00:00:00.000Z,0.5,19.89,3.08,1.85,4.8,2.561,187
2021-04-09T00:00:00.000Z,0.56,19.6,5.92,3.72,7.9,3.554,186
2021-04-10T00:00:00.000Z,0.43,26.08,2.92,1.92,4.8,3.656,164
2021-04-11T00:00:00.000Z,0.6,25.33,3.38,1.7,7.48,6.324,105
2021-04-12T00:00:00.000Z,0.43,20.38,3.17,1.02,8.68,5.098,83
2021-04-13T00:00:00.000Z,0.3,11.05,3.21,1.88,5.14,2.213,116
2021-04-14T00:00:00.000Z,2.2,9.52,5.45,4,6.94,1.779,129
2021-04-15T00:00:00.000Z,0.95,9.32,4.22,2.99,5.55,1.811,97
2021-04-16T00:00:00.000Z,2.8,22,6.18,4.8,8.38,4.03,126
2021-04-17T00:00:00.000Z,6.57,20.65,12.9,10.35,15.4,3.46,147
2021-04-18T00:00:00.000Z,4.05,23.02,11.43,9.38,14.07,3.689,134
2021-04-19T00:00:00.000Z,6.7,28.42,13.43,11.48,16.18,4.053,129
2021-04-20T00:00:00.000Z,1.5,35,7.6,3.58,20.63,9.003,117
2021-04-21T00:00:00.000Z,1.65,10.73,3.49,2.79,4.78,1.625,116
2021-04-22T00:00:00.000Z,6,35.45,13.5,9.74,18.38,6.75,116
2021-04-23T00:00:00.000Z,6.5,42.22,15.43,12.25,25.95,8.304,106
2021-04-24T00:00:00.000Z,5.55,34.54,14.75,10.55,19.41,6.511,129
2021-04-25T00:00:00.000Z,1.23,31.52,13.91,9.4,18.32,6.779,162
2021-04-26T00:00:00.000Z,1.7,26.95,15.85,12.66,18.39,4.785,137
2021-04-27T00:00:00.000Z,5.53,27.52,11.1,8.85,16.92,4.902,125
2021-04-28T00:00:00.000Z,7.82,41.22,24.92,15.72,30.55,8.613,116
2021-04-29T00:00:00.000Z,7.35,64.5,39.53,28.66,48.85,13.317,117
2021-04-30T00:00:00.000Z,1.75,14.4,4.8,3.95,7.43,3.054,106
2021-05-01T00:00:00.000Z,0.22,24.27,8,4.32,10.88,4.533,138
2021-05-02T00:00:00.000Z,0,8.6,0.68,0.3,1.5,1.46,129
2021-05-03T00:00:00.000Z,0.28,9.94,1.76,1.1,3.23,1.799,124
2021-05-04T00:00:00.000Z,1,15.7,4.7,2.65,6.29,2.713,121
2021-05-05T00:00:00.000Z,1.65,21.25,4.88,3.28,7.03,3.367,119
2021-05-06T00:00:00.000Z,1.3,21.17,6.78,4.53,8.73,3.282,113
2021-05-07T00:00:00.000Z,0.2,13.68,4.67,1.06,8.41,4.011,120
2021-05-08T00:00:00.000Z,0.3,11.3,1.9,1.14,4.45,2.445,123
2021-05-09T00:00:00.000Z,0.95,16.75,3.95,2.75,5.56,2.692,140
2021-05-10T00:00:00.000Z,1.88,22.7,5.2,3.7,9.85,5.094,129
2021-05-11T00:00:00.000Z,0.4,19.73,3.94,1.85,5.43,3.024,122
2021-05-12T00:00:00.000Z,0.1,12.2,2.75,1.76,4.26,2.218,113
2021-05-13T00:00:00.000Z,0.1,17.38,1.19,0.53,2.95,2.402,144
2021-05-14T00:00:00.000Z,0.3,16.23,4.65,2.25,8.44,3.797,127
2021-05-15T00:00:00.000Z,0.3,17.05,3.29,1.79,8.41,4.173,144
2021-05-16T00:00:00.000Z,0.82,13.77,3.15,1.94,4.84,2.455,149
2021-05-17T00:00:00.000Z,0.1,8.18,1.23,0.5,2.7,1.705,135
2021-05-18T00:00:00.000Z,0.17,12.4,2.33,1.24,4.83,2.502,113
2021-05-19T00:00:00.000Z,0.1,10.6,1.45,0.52,2.8,1.857,151
2021-05-20T00:00:00.000Z,0,22.33,2.16,0.51,3.72,2.638,148
2021-05-21T00:00:00.000Z,0.3,11.52,2.7,1.45,4.38,2.261,139
2021-05-22T00:00:00.000Z,0.52,17.14,4.43,3.08,6.47,3.114,122
2021-05-23T00:00:00.000Z,0.3,16.17,4.63,1.65,8.82,4.256,163
2021-05-24T00:00:00.000Z,1,24.85,3.57,2.2,5.34,3.821,144
2021-05-25T00:00:00.000Z,0.1,23.9,4.92,1.83,11.42,6.532,160
2021-05-26T00:00:00.000Z,1.12,15.85,4.46,2.65,5.63,2.655,162
2021-05-27T00:00:00.000Z,0.7,13.2,4.57,3.03,5.85,2.299,150
2021-05-28T00:00:00.000Z,0.98,27.15,6.45,3.33,10.48,4.463,151
2021-05-29T00:00:00.000Z,1.02,23.92,4.8,2.88,8.06,3.78,129
2021-05-30T00:00:00.000Z,0.52,32.78,1.89,1.15,2.95,3.311,164
2021-05-31T00:00:00.000Z,0.7,36.65,3.03,1.96,4.55,3.753,128
2021-06-01T00:00:00.000Z,2.4,19.5,7.63,5.82,9.77,3,169
2021-06-02T00:00:00.000Z,0.6,22.58,3.97,2.67,5.63,2.741,131
2021-06-03T00:00:00.000Z,0.7,33.4,3.5,1.75,6.5,3.923,143
2021-06-04T00:00:00.000Z,0.6,42.25,3.1,1.9,5.05,4.261,143
2021-06-05T00:00:00.000Z,0.68,29.3,3.14,1.9,4.72,3.268,154
2021-06-06T00:00:00.000Z,0.9,17.57,3.61,2.12,6.6,3.036,180
2021-06-08T00:00:00.000Z,1.67,15.9,4.5,3.29,5.69,2.196,168
2021-06-09T00:00:00.000Z,1.55,28.2,6.45,3.72,13.53,7.708,249
2021-06-10T00:00:00.000Z,1.05,23,7.6,3.65,11.4,5.044,175
2021-06-11T00:00:00.000Z,2.25,29.08,11.86,6.35,14.29,4.966,176
2021-06-12T00:00:00.000Z,2.1,21,6.03,3.35,12.4,4.837,158
2021-06-13T00:00:00.000Z,0.3,19.38,3.44,1.75,7.42,3.624,164
2021-06-14T00:00:00.000Z,2.29,24.17,6.05,3.95,11.48,4.599,191
2021-06-15T00:00:00.000Z,1.48,21.77,3.9,2.89,5.57,2.65,192
2021-06-16T00:00:00.000Z,5.15,38.88,12.93,8.9,15.72,4.884,169
2021-06-17T00:00:00.000Z,1.88,38.25,11.68,7.72,14.38,5.123,230
2021-06-18T00:00:00.000Z,1.08,26.92,3.13,2.5,5.03,3.979,241
2021-06-19T00:00:00.000Z,1,23.9,3,1.95,4.75,2.931,272
2021-06-20T00:00:00.000Z,1.35,28.63,9.48,4.88,14.3,5.71,301
2021-06-21T00:00:00.000Z,5.88,32.29,16.23,12.37,20.54,5.088,265
2021-06-22T00:00:00.000Z,1.12,21.52,5.42,3.92,7.05,2.912,224
2021-06-23T00:00:00.000Z,0.95,20.92,3.99,2.47,5.85,2.945,278
2021-06-24T00:00:00.000Z,0.35,14.15,2.85,1.77,4.4,2.294,255
2021-06-25T00:00:00.000Z,0.3,26.95,1.67,0.93,2.72,2.436,288
2021-06-26T00:00:00.000Z,0.35,16.42,2,1.33,3.14,1.883,304
2021-06-27T00:00:00.000Z,0.5,10.5,2.58,1.7,3.97,1.762,302
2021-06-28T00:00:00.000Z,0.82,18.8,3.13,2.04,4.84,2.706,279
2021-06-29T00:00:00.000Z,0.63,21.5,3.53,2.35,5.7,3.448,315
2021-06-30T00:00:00.000Z,0.3,24.67,3.63,2.36,5.74,2.812,285
2021-07-01T00:00:00.000Z,0.08,26.52,4.38,1.65,7.38,4.332,257
2021-07-02T00:00:00.000Z,0.4,22.23,2.75,1.58,4.38,2.687,246
2021-07-03T00:00:00.000Z,0.8,15.68,3.79,2.78,5.35,2.378,326
2021-07-04T00:00:00.000Z,1.1,16.82,4.18,2.54,6.71,3.114,309
2021-07-05T00:00:00.000Z,0.13,14.68,2.13,1.48,3.38,2.209,254
2021-07-06T00:00:00.000Z,0.47,15.07,2.09,1.4,3.22,1.677,296
2021-07-07T00:00:00.000Z,0.63,31.67,4.65,2.67,8,4.03,254
2021-07-08T00:00:00.000Z,0,16.73,3.38,1.98,5.82,3.194,283
2021-07-09T00:00:00.000Z,0.1,8.6,0.95,0.4,1.92,1.386,322
2021-07-10T00:00:00.000Z,0.17,14.75,1.9,1,3.25,1.997,323
2021-07-11T00:00:00.000Z,0.15,47.45,1.02,0.56,2.42,5.466,345
2021-07-12T00:00:00.000Z,1.27,39,3.55,2.7,5.09,4.196,256
2021-07-13T00:00:00.000Z,0.5,28.52,4.55,2.65,8.02,3.76,232
2021-07-14T00:00:00.000Z,0.7,18.52,2.95,1.92,4.88,2.295,255
2021-07-15T00:00:00.000Z,0.7,15.15,3.97,2.4,5.5,2.627,307
2021-07-16T00:00:00.000Z,0.2,18.5,2.95,1.73,5.05,2.867,268
2021-07-17T00:00:00.000Z,0.17,24.8,2.35,1.35,4.55,3,318
2021-07-18T00:00:00.000Z,0.4,22.33,4.71,1.45,12.52,6.159,270
2021-07-19T00:00:00.000Z,1.63,30.83,4.34,3.13,5.7,3.089,242
2021-07-20T00:00:00.000Z,1.35,38.25,5.2,3.29,8.19,4.392,253
2021-07-21T00:00:00.000Z,1.58,18.52,6.18,4.4,8.5,3.348,287
2021-07-22T00:00:00.000Z,4,20.1,8.32,7.03,10.64,2.719,241
2021-07-23T00:00:00.000Z,2.63,72.9,6.88,4.93,9.69,5.855,297
2021-07-24T00:00:00.000Z,2.92,33.65,10.07,7.88,13.6,5.428,282
2021-07-25T00:00:00.000Z,1.9,28.6,7.47,4.54,16.07,6.123,313
2021-07-26T00:00:00.000Z,0.85,25.63,4.21,2.59,5.94,2.669,288
2021-07-27T00:00:00.000Z,2.85,25.45,8.57,6.05,11.35,3.949,318
2021-07-28T00:00:00.000Z,2.88,49.7,10.28,7.57,13.9,5.269,332
2021-07-29T00:00:00.000Z,2.47,24.58,5.57,4.25,7.35,2.624,297
2021-07-30T00:00:00.000Z,3.13,28.75,7.13,5.31,10.23,3.541,244
2021-07-31T00:00:00.000Z,0.8,26.63,4.95,3.29,6.57,2.816,257
2021-08-01T00:00:00.000Z,0.56,10.38,2.38,1.8,3.24,1.465,241
2021-08-02T00:00:00.000Z,0.82,11.05,2.8,1.9,3.84,1.634,245
2021-08-03T00:00:00.000Z,0.7,18.05,3.61,2.38,5.18,2.248,254
2021-08-04T00:00:00.000Z,0.6,19.05,6.24,3.85,9.13,3.486,218
2021-08-05T00:00:00.000Z,0.2,20.9,1.7,0.85,3,2.218,249
2021-08-06T00:00:00.000Z,0.95,13.57,4.09,2.86,6.02,2.424,308
2021-08-07T00:00:00.000Z,1.27,17.98,4.5,3.33,6.53,2.45,318
2021-08-08T00:00:00.000Z,0.7,12.3,2.97,1.98,4.34,1.916,288
2021-08-09T00:00:00.000Z,0.7,16.07,2.85,1.83,4.47,2.355,223
2021-08-10T00:00:00.000Z,1.52,21.63,4.15,3.09,6.02,2.401,288
2021-08-11T00:00:00.000Z,2.4,16.1,5.43,4.09,7.19,2.465,233
2021-08-12T00:00:00.000Z,2.5,24.92,4.8,3.78,6.03,2.278,283
2021-08-13T00:00:00.000Z,3,21.08,6.19,4.93,7.97,2.75,530
2021-08-14T00:00:00.000Z,2.29,17.1,6.1,4.5,7.68,2.46,447
2021-08-15T00:00:00.000Z,3.92,53.75,9.88,7.14,25.75,11.139,460
2021-08-16T00:00:00.000Z,0.65,46.13,12.21,6.05,22.2,10.622,522
2021-08-17T00:00:00.000Z,0.25,15.4,2.08,1.19,3.92,2.529,541
2021-08-18T00:00:00.000Z,0.45,21.58,2.42,1.42,3.5,2.352,451
2021-08-19T00:00:00.000Z,0.73,33.15,2.47,1.65,3.6,2.498,535
2021-08-20T00:00:00.000Z,0.75,22.48,2.72,1.79,4.09,2.354,505
2021-08-21T00:00:00.000Z,1.5,13.6,3.3,2.5,4.62,1.766,549
2021-08-22T00:00:00.000Z,1.55,27.83,4.15,3.4,5.5,2.28,503
2021-08-23T00:00:00.000Z,0.55,31.5,4.59,3,6.81,3.171,545
2021-08-24T00:00:00.000Z,0.5,18.1,2.72,1.6,4.13,2.197,487
2021-08-25T00:00:00.000Z,0.3,16.25,1.83,1.12,2.78,1.915,532
2021-08-26T00:00:00.000Z,0.5,13.98,2.08,1.37,3.19,1.77,377
2021-08-27T00:00:00.000Z,0.82,26.65,3.55,2.35,5.5,2.901,411
2021-08-28T00:00:00.000Z,0.73,19.77,2.88,1.97,3.72,1.827,365
2021-08-29T00:00:00.000Z,0.25,41.8,2.1,1.2,3.04,2.89,392
2021-08-30T00:00:00.000Z,0.3,33.78,1.85,1.3,3,2.714,525
2021-08-31T00:00:00.000Z,0.6,21.17,3.01,2.1,4.57,2.383,518
2021-09-01T00:00:00.000Z,0.73,25.13,3.13,2.13,4.93,2.659,527
2021-09-02T00:00:00.000Z,0.56,49.92,4.07,2.74,5.6,3.206,513
2021-09-03T00:00:00.000Z,1.42,15.85,3.97,2.92,5.93,2.58,539
2021-09-04T00:00:00.000Z,2.45,25.55,6.15,4.34,8.64,3.164,541
2021-09-05T00:00:00.000Z,2.1,19.35,4.38,3.7,5.32,1.827,467
2021-09-06T00:00:00.000Z,1.8,19.64,4.32,3.1,6.07,2.741,467
2021-09-07T00:00:00.000Z,3.05,26.9,7.97,5.89,12.03,4.338,449
2021-09-08T00:00:00.000Z,2.8,32.15,7.95,5.95,10.19,3.831,573
2021-09-09T00:00:00.000Z,2.92,31.95,7.43,5.69,10.01,3.293,501
2021-09-10T00:00:00.000Z,3.83,92.13,9.38,7.4,12.15,6.502,557
2021-09-11T00:00:00.000Z,3.58,32.79,11.2,7.05,14.32,4.933,567
2021-09-12T00:00:00.000Z,2.8,23.02,8.27,6.18,10.47,3.308,565
2021-09-13T00:00:00.000Z,3.5,45.15,6.95,5.6,8.85,3.516,559
2021-09-14T00:00:00.000Z,1.92,26.35,5.9,4.75,7.75,3.084,570
2021-09-15T00:00:00.000Z,1.25,25.2,5.7,3.2,9.57,4.112,558
2021-09-16T00:00:00.000Z,0.88,44.53,10.75,7.23,15.56,8.323,568
2021-09-17T00:00:00.000Z,4.38,52.15,19.55,9.32,27.89,10.559,564
2021-09-18T00:00:00.000Z,4.05,39.78,15.49,10.67,22.02,8.418,560
2021-09-19T00:00:00.000Z,0.1,49.47,4.44,1,11.24,6.281,572
2021-09-20T00:00:00.000Z,0.1,26.3,1.35,0.73,2.33,2.215,566
2021-09-21T00:00:00.000Z,0.52,20.25,2.6,1.88,3.75,1.885,503
2021-09-27T00:00:00.000Z,6.45,67.47,17.27,9.88,25.27,10.148,362
2021-09-28T00:00:00.000Z,9.32,64.3,34.9,28.26,41.4,10.611,561
2021-09-29T00:00:00.000Z,2.15,58.75,5.8,4.4,8.63,12.043,557
2021-09-30T00:00:00.000Z,1.6,32.7,6.8,4.54,11.63,5.797,549
2021-10-01T00:00:00.000Z,1,26.58,3.85,2.29,6.18,2.874,524
2021-10-02T00:00:00.000Z,2.54,28.33,8.48,6.37,10.52,3.084,476
2022-01-17T00:00:00.000Z,4.7,39.04,8.68,6.22,31.64,12.278,37
2022-01-18T00:00:00.000Z,26.38,102.38,65.56,45.22,73.95,17.322,543
2022-01-19T00:00:00.000Z,45.75,100.43,65.4,58.97,78.45,11.733,527
2022-01-20T00:00:00.000Z,55.42,411.13,88.59,83.54,97.03,26.241,556
2022-01-21T00:00:00.000Z,65,228.25,84.47,77.36,105.84,25.472,524
2022-01-22T00:00:00.000Z,28.55,137.4,71.3,45.5,99.32,28.279,547
2022-01-23T00:00:00.000Z,37.25,108.65,83.55,61.9,92.41,18.302,540
2022-01-24T00:00:00.000Z,77.43,135.9,94.29,88.35,102.7,10.68,538
2022-01-25T00:00:00.000Z,43.25,130.02,86.3,70.05,95.82,17.685,543
2022-01-26T00:00:00.000Z,65.18,153.1,98.4,88.28,112.78,18.511,522
2022-01-27T00:00:00.000Z,36.47,114.78,64.45,54.6,79.15,15.778,555
2022-01-28T00:00:00.000Z,0.2,59.33,34.38,24.48,41.53,13.549,555
2022-01-29T00:00:00.000Z,23.2,69.2,49.17,41.47,54.9,10.379,563
2022-01-30T00:00:00.000Z,4.32,80.06,22.35,11.23,37.25,20.76,550
2022-01-31T00:00:00.000Z,0.2,84.97,57.1,2.69,66,29.17,565
2022-02-01T00:00:00.000Z,0.1,24.52,2.15,1.23,3.33,1.99,530
2022-02-02T00:00:00.000Z,0.1,18.98,3.72,2.08,6.1,3.517,527
2022-02-03T00:00:00.000Z,2.27,28.02,12.2,8.6,15.93,5.473,511
2022-02-04T00:00:00.000Z,4.4,84.95,19.05,11.43,60.78,25.057,534
2022-02-05T00:00:00.000Z,46.95,123.5,74.14,66.45,84.4,15.07,544
2022-02-06T00:00:00.000Z,76.93,150.8,102.87,96.3,116.63,14.389,562
2022-02-07T00:00:00.000Z,0.1,118.53,3.58,1.2,62.06,38.51,556
2022-02-08T00:00:00.000Z,1.14,44.92,7.88,5.15,12.4,6.286,551
2022-02-09T00:00:00.000Z,2.67,37.5,12.2,8.44,16.05,5.224,527
2022-02-10T00:00:00.000Z,6.38,47.8,17.35,13.77,22.65,7.103,527
2022-02-11T00:00:00.000Z,0.8,75.84,16.6,11.57,23.17,16.794,535
2022-02-12T00:00:00.000Z,1,67.15,11.32,3.22,23.77,14.94,559
2022-02-13T00:00:00.000Z,3.15,24.33,7.45,5.8,10.18,4.003,571
2022-02-14T00:00:00.000Z,9.75,47.63,19.92,16.82,28,7.928,562
2022-02-15T00:00:00.000Z,20.38,78.06,44.08,32.13,54.25,12.253,570
2022-02-16T00:00:00.000Z,32.45,231.02,62.71,56.21,72.19,14.036,564
2022-02-17T00:00:00.000Z,3.42,42.8,18.88,10.68,26.67,9.362,559
2022-02-18T00:00:00.000Z,38.35,101.32,61.57,50.2,74.02,13.837,556
2022-02-19T00:00:00.000Z,56.1,121.6,92.65,84.38,101,11.818,555
2022-02-20T00:00:00.000Z,4.57,122.72,27.6,18.71,93.84,37.991,557
2022-02-21T00:00:00.000Z,0.1,76.53,4.59,0.7,50.85,25.393,558
2022-02-22T00:00:00.000Z,0,20.25,1.48,0.45,3.44,2.543,573
2022-02-23T00:00:00.000Z,3.25,43.05,9.9,7.07,15.15,5.439,567
2022-02-24T00:00:00.000Z,9.15,50.45,20.5,15.43,28.77,7.86,569
2022-02-25T00:00:00.000Z,0.15,43.3,16.92,1.45,27.49,13.498,549
2022-02-26T00:00:00.000Z,0.1,21.5,2.88,1.45,4.18,2.287,574
2022-02-27T00:00:00.000Z,0.88,15.4,3.71,2.59,5.32,2.355,564
2022-02-28T00:00:00.000Z,4.03,36.97,10.05,7.78,13.35,4.441,567
2022-03-01T00:00:00.000Z,2.67,35,8.1,5.96,10.75,4.041,577
2022-03-02T00:00:00.000Z,5.93,42.55,19.1,14.65,23.7,6.841,551
2022-03-03T00:00:00.000Z,5.15,36.78,14.1,10.25,18.45,5.974,555
2022-03-04T00:00:00.000Z,14.35,63.97,39.95,25.62,43.95,9.962,565
2022-03-05T00:00:00.000Z,8.9,41.08,17.07,14.62,20.1,4.164,573
2022-03-06T00:00:00.000Z,8.27,29.38,15.73,12.84,18.52,4.148,552
2022-03-07T00:00:00.000Z,10.57,45.4,22.52,19.1,27.6,6.478,571
2022-03-08T00:00:00.000Z,5.85,56.22,19.8,13.25,24.55,7.842,554
2022-03-09T00:00:00.000Z,21.58,63.97,37.95,31.8,44.5,8.303,564
2022-03-10T00:00:00.000Z,23.88,80.5,47.29,34.25,56.5,12.594,562
2022-03-11T00:00:00.000Z,4.47,70.22,17.97,13.73,31.13,15.239,566
2022-03-12T00:00:00.000Z,3.72,36.38,17.23,7.45,21.55,7.433,559
2022-03-13T00:00:00.000Z,4.28,29.02,9.27,6.97,14.85,4.713,551
2022-03-14T00:00:00.000Z,8,48.97,16.42,13.27,22.57,6.315,556
2022-03-15T00:00:00.000Z,26.9,97.18,44.47,37.78,49.2,8.869,570
2022-03-16T00:00:00.000Z,3.88,92.38,26.83,14.42,34.29,13.971,560
2022-03-17T00:00:00.000Z,32.35,337.02,56.33,49,61.92,15.1,557
2022-03-18T00:00:00.000Z,7.65,84.75,21.1,15.75,35.88,21.819,542
2022-03-19T00:00:00.000Z,7.45,28.5,13.97,12,16.22,3.323,564
2022-03-20T00:00:00.000Z,7.63,64.72,15.55,13.63,17.5,3.704,554
2022-03-21T00:00:00.000Z,6.18,65.63,14.1,11.57,18.35,5.941,545
2022-03-22T00:00:00.000Z,7,40.83,20.34,12.83,26.9,7.94,572
2022-03-23T00:00:00.000Z,5.15,59.75,22.6,12.77,30.46,10.149,557
2022-03-24T00:00:00.000Z,2.38,78.43,20.38,9.27,27.48,11.064,547
2022-03-25T00:00:00.000Z,3.47,41.8,10.1,6.97,16.14,6.927,563
2022-03-26T00:00:00.000Z,5.2,66.05,19.3,13.18,30.62,14.742,568
2022-03-27T00:00:00.000Z,13,87.53,41.7,30.27,49.07,13.281,553
2022-03-28T00:00:00.000Z,10.6,98.7,32.04,21.85,38.29,10.8,565
2022-03-29T00:00:00.000Z,7.07,58.42,35.33,25.63,41.47,11.136,559
2022-03-30T00:00:00.000Z,9.23,66.22,34.42,29.88,41.9,10.305,555
2022-03-31T00:00:00.000Z,7.55,64.2,16.3,12.7,22.81,11.034,576
2022-04-01T00:00:00.000Z,1.02,25.33,5.2,3.38,8,4.863,542
2022-04-02T00:00:00.000Z,0.56,18.45,3.7,2.47,5.38,2.754,501
2022-04-03T00:00:00.000Z,1.27,76.38,4.84,3.85,6.53,5.076,554
2022-04-04T00:00:00.000Z,2.02,36.63,7.22,5.18,9.9,4.348,571
2022-04-05T00:00:00.000Z,1.48,41.05,14.52,9.51,20.22,7.459,556
2022-04-06T00:00:00.000Z,1.1,51.17,28.25,23.48,38.13,12.262,566
2022-04-07T00:00:00.000Z,1.23,50.1,5.85,3.61,8.18,4.274,568
2022-04-08T00:00:00.000Z,2.45,40.22,8.77,6.8,11.43,4.07,571
2022-04-09T00:00:00.000Z,0.1,22.58,3.08,1.1,7.13,4.167,552
2022-04-10T00:00:00.000Z,0.25,14.98,1.77,0.94,2.7,1.537,572
2022-04-11T00:00:00.000Z,0.3,35.04,3.22,1.83,5.07,3.606,566
2022-04-12T00:00:00.000Z,0.5,38.2,4.95,2.93,9.23,5.477,571
2022-04-13T00:00:00.000Z,7.13,54.08,15.87,13.62,18.94,4.734,568
2022-04-14T00:00:00.000Z,5.09,53.85,19.17,13.25,24.1,7.315,559
2022-04-15T00:00:00.000Z,9.5,64.68,23.08,18.3,29.17,6.938,572
2022-04-16T00:00:00.000Z,0.8,186.18,8.25,3.92,12.25,10.4,571
2022-04-17T00:00:00.000Z,0.5,20.83,3.29,2.2,4.72,2.549,566
2022-04-18T00:00:00.000Z,0.8,33.83,3.71,2.7,5.07,2.581,556
2022-04-19T00:00:00.000Z,1.52,72.4,4.57,3.42,6.3,4.912,562
2022-04-20T00:00:00.000Z,1.83,24.73,5.78,4.38,7.63,2.897,554
2022-04-21T00:00:00.000Z,1.17,59.72,4.47,2.98,6.46,3.63,560
2022-04-22T00:00:00.000Z,1,59,8.69,5.45,14.29,6.446,568
2022-04-23T00:00:00.000Z,4.55,25.73,12.51,9.9,15.9,4.324,562
2022-04-24T00:00:00.000Z,0.1,30.5,1.27,0.7,2.4,1.855,577
2022-04-25T00:00:00.000Z,0.45,11.88,2.45,1.48,3.63,1.617,527
2022-04-26T00:00:00.000Z,0.5,60.08,6.47,3.83,9.32,5.294,545
2022-04-27T00:00:00.000Z,2.04,87.15,7.67,5.18,10.23,4.841,554
2022-04-28T00:00:00.000Z,1.27,18.25,4.34,3.03,6.2,2.647,540
2022-04-29T00:00:00.000Z,2.2,27.42,6.25,4.34,9.1,3.252,563
2022-04-30T00:00:00.000Z,1.92,50.58,6.38,3.83,9.05,4.312,571
2022-05-01T00:00:00.000Z,0.6,8.88,2.82,2,3.55,1.412,508
2022-05-02T00:00:00.000Z,1.5,36.08,3.75,3,4.8,2.568,454
2022-05-03T00:00:00.000Z,0.43,51.15,4.15,2.92,5.68,4.717,523
2022-05-04T00:00:00.000Z,2.2,90.85,7.53,5.5,9.8,4.78,574
2022-05-05T00:00:00.000Z,1.67,75.53,9.88,7,18.09,7.243,565
2022-05-06T00:00:00.000Z,3.2,54.05,6.97,5.35,9.89,5.118,553
2022-05-07T00:00:00.000Z,2.25,43.15,11.68,5.87,24.13,9.926,569
2022-05-08T00:00:00.000Z,0.52,14.77,3.25,2.1,5.8,2.943,567
2022-05-09T00:00:00.000Z,1.7,32.17,6.5,4.4,10.05,5.02,523
2022-05-10T00:00:00.000Z,2.17,37.2,7.45,5.04,9.98,3.691,492
2022-05-11T00:00:00.000Z,1.12,25.88,5.55,3.7,7.65,3.636,511
2022-05-12T00:00:00.000Z,1.67,49.45,5.2,3.83,7.2,3.653,526
2022-05-13T00:00:00.000Z,1.58,19.63,5.22,4.07,6.63,2.495,519
2022-05-14T00:00:00.000Z,1.75,20.92,5.8,4.13,7.6,2.807,543
2022-05-15T00:00:00.000Z,1.73,19.88,7.05,4.7,9.36,3.365,536
2022-05-16T00:00:00.000Z,0.95,123.5,4.82,3.32,6.7,7.938,521
2022-05-17T00:00:00.000Z,1.52,35.42,6.71,4.22,9.13,4.394,528
2022-05-18T00:00:00.000Z,0.88,34.83,5.8,3.4,10.39,4.952,524
2022-05-19T00:00:00.000Z,0.6,23.45,4.32,2.75,5.84,2.566,521
2022-05-20T00:00:00.000Z,1.2,65.47,5.13,3.72,7.1,4.665,519
2022-05-21T00:00:00.000Z,1.7,22.35,4.93,3.58,6.7,2.543,522
2022-05-22T00:00:00.000Z,2.1,21.92,5.14,3.92,6.75,2.25,498
2022-05-23T00:00:00.000Z,0.6,31.13,4.22,2.97,6.18,3.256,510
2022-05-24T00:00:00.000Z,1,558.45,6.48,4.07,9.11,28.706,520
2022-05-25T00:00:00.000Z,2.29,32.95,5.99,4.59,7.89,3.027,500
2022-05-26T00:00:00.000Z,2.2,162.5,11.03,7.32,13.98,8.607,490
2022-05-27T00:00:00.000Z,2.88,32.53,11.22,7.9,16.02,5.569,498
2022-05-28T00:00:00.000Z,0.32,36.22,9.15,5.18,14.77,6.548,517
2022-05-29T00:00:00.000Z,0.52,21.8,2.54,1.63,3.72,1.871,448
2022-05-30T00:00:00.000Z,0.88,12.38,4.17,3,5.38,1.99,462
2022-05-31T00:00:00.000Z,4.95,25.25,13.51,11.38,15.75,3.402,466
2022-06-01T00:00:00.000Z,1.98,30.9,8.9,4.7,14.9,6.623,491
2022-06-02T00:00:00.000Z,2.92,17.35,5.79,4.63,7.35,2.336,176
2022-06-03T00:00:00.000Z,2.85,32.42,13.71,9.16,17.73,5.982,288
2022-06-04T00:00:00.000Z,1.8,32.67,6.63,4.88,8.68,3.016,432
2022-06-05T00:00:00.000Z,1.1,41.5,10.18,5.93,19.64,8.48,443
2022-06-06T00:00:00.000Z,0.7,24.8,5.42,3.05,8.98,3.925,330
2022-06-07T00:00:00.000Z,0.3,27.4,2.27,1.4,4.25,3.754,531
2022-06-08T00:00:00.000Z,0.5,15.93,3.3,2.04,4.88,2.28,484
2022-06-09T00:00:00.000Z,0.03,15.32,2.17,0.88,5.01,2.616,501
2022-06-10T00:00:00.000Z,0.03,12.18,1.55,0.62,3.24,2.254,464
2022-06-11T00:00:00.000Z,0.5,23.65,3.26,2.15,4.75,2.832,466
2022-06-12T00:00:00.000Z,0.5,20.02,2.5,1.52,3.8,2.236,498
2022-06-13T00:00:00.000Z,0.77,154.97,4.18,3,6.43,13.064,467
2022-06-14T00:00:00.000Z,1.52,24.05,4.59,3.3,6.03,2.509,355
2022-06-15T00:00:00.000Z,1.17,19.77,4.53,3.06,6.28,2.645,493
2022-06-16T00:00:00.000Z,1.6,37.28,6.6,4.75,8.9,3.459,503
2022-06-17T00:00:00.000Z,1.9,27.73,7.85,5.46,10.72,3.581,425
2022-06-18T00:00:00.000Z,1.3,47.15,4.3,3.1,6,3.408,490
2022-06-19T00:00:00.000Z,0.82,21.4,4.45,3.22,5.97,2.471,438
2022-06-20T00:00:00.000Z,1.3,60.83,4.4,3.1,6.47,5.899,363
2022-06-21T00:00:00.000Z,1.42,48.45,4.32,3.17,6.29,3.532,369
2022-06-22T00:00:00.000Z,2.02,94.88,8.75,5.5,13.35,7.17,342
2022-06-23T00:00:00.000Z,6.18,42.95,13.98,10.68,18.32,5.333,323
2022-06-24T00:00:00.000Z,0.65,43.92,6.72,3.25,10.27,4.828,559
2022-06-25T00:00:00.000Z,0.4,17.89,2.38,1.55,3.6,2.017,566
2022-06-26T00:00:00.000Z,1,21.5,4.18,2.85,6.32,2.668,575
2022-06-27T00:00:00.000Z,2.17,29.65,9.55,6.39,13.69,5.126,541
2022-06-28T00:00:00.000Z,0.85,40.6,11.35,6.88,14.93,6.033,538
2022-06-29T00:00:00.000Z,1.14,41.6,5.09,3.75,6.88,3.513,563
2022-06-30T00:00:00.000Z,0.47,23.33,3.89,2.75,5.53,2.453,554
2022-07-01T00:00:00.000Z,0.63,26.33,3.05,1.88,5.97,5.013,543
2022-07-02T00:00:00.000Z,0.8,20.58,3.51,2.38,4.9,2.164,550
2022-07-03T00:00:00.000Z,1.1,17.52,3.58,2.67,4.78,2.063,530
2022-07-04T00:00:00.000Z,0.8,49.28,3.65,2.29,5.32,4.281,563
2022-07-05T00:00:00.000Z,0.63,23.6,2.83,1.83,4.15,2.336,526
2022-07-06T00:00:00.000Z,0.6,16.67,2.34,1.6,3.57,2.058,560
2022-07-07T00:00:00.000Z,0.7,28.88,2.63,1.83,3.95,2.206,376
2022-07-08T00:00:00.000Z,0.56,41.22,3.35,2.17,4.8,2.855,538
2022-07-09T00:00:00.000Z,0.3,30.17,1.74,1.08,2.7,2.05,538
2022-07-10T00:00:00.000Z,0.28,10.57,1.63,0.93,2.6,1.443,541
2022-07-11T00:00:00.000Z,0.5,19.82,2.52,1.6,3.87,2.172,540
2022-07-12T00:00:00.000Z,0.6,19.95,2.96,1.92,4.43,2.067,556
2022-07-13T00:00:00.000Z,1,17.8,3.03,2.1,4.32,2.169,510
2022-07-14T00:00:00.000Z,1.67,15.23,4.63,3.53,6.38,2.255,534
2022-07-15T00:00:00.000Z,1.12,40.5,3.51,2.75,4.7,2.482,504
2022-07-16T00:00:00.000Z,1.48,12.65,3.64,2.72,5.15,1.944,572
2022-07-17T00:00:00.000Z,1.7,15.55,4.21,3.15,5.8,2.048,578
2022-07-18T00:00:00.000Z,2.02,20.98,4.18,3.34,5.45,2.017,560
2022-07-19T00:00:00.000Z,1.7,18.85,4.05,3.19,5.31,2.169,565
2022-07-20T00:00:00.000Z,0.95,14.98,3.97,2.79,5.43,2.2,573
2022-07-21T00:00:00.000Z,2.17,23.3,5.46,4.18,7.05,2.542,564
2022-07-22T00:00:00.000Z,1.27,25.33,5.52,4.23,7.04,2.618,572
2022-07-23T00:00:00.000Z,2.35,16.39,6.1,5.25,7.63,2.021,563
2022-07-24T00:00:00.000Z,4,15.45,6.82,5.79,8.03,1.85,569
2022-07-25T00:00:00.000Z,1.6,48.6,6.45,5.35,8.3,4.828,582
2022-07-26T00:00:00.000Z,1.1,19.7,5.34,4.3,6.97,2.494,576
2022-07-27T00:00:00.000Z,0.65,10.25,2.27,1.8,3.15,1.408,568
2022-07-28T00:00:00.000Z,0.95,16.85,4.09,3.19,5.49,2.366,565
2022-07-29T00:00:00.000Z,0.55,26.55,3.3,1.94,5,4.602,561
2022-07-30T00:00:00.000Z,0.32,23.88,2.42,1.37,6.4,4.862,557
2022-07-31T00:00:00.000Z,0.43,14.32,1.52,1,2.67,1.73,565
2022-08-01T00:00:00.000Z,0.2,10.18,2.14,1.38,3.21,1.591,504
2022-08-02T00:00:00.000Z,0.5,18.82,2.52,1.55,3.97,2.134,542
2022-08-03T00:00:00.000Z,0.5,13.3,2.57,1.73,3.8,1.877,554
2022-08-04T00:00:00.000Z,0.73,13.13,3.13,1.97,4.5,2.121,457
2022-08-05T00:00:00.000Z,0.98,23.23,3.62,2.64,5.25,2.484,564
2022-08-06T00:00:00.000Z,0.55,21.05,3.03,1.97,4.71,2.401,541
2022-08-07T00:00:00.000Z,0.5,9.18,1.55,1.14,2.15,0.994,421
2022-08-08T00:00:00.000Z,0.43,20.05,2.29,1.52,3.75,2.25,502
2022-08-09T00:00:00.000Z,2.17,12.35,4.15,3.32,5.32,1.648,561
2022-08-10T00:00:00.000Z,1,14.9,3.49,2.54,4.84,2.009,452
2022-08-11T00:00:00.000Z,1.02,17.45,3.3,2.25,4.68,2.203,463
2022-08-12T00:00:00.000Z,0.77,13.15,2.9,1.85,4.32,2.162,500
2022-08-29T00:00:00.000Z,1.5,19.32,4.22,3.08,6.45,3.04,195
2022-08-30T00:00:00.000Z,1.88,29.6,8.98,6.05,12.27,5.062,536
2022-08-31T00:00:00.000Z,2.25,23.27,6.62,4.88,8.43,3.177,518
2022-09-01T00:00:00.000Z,0.4,17.88,3.55,2.47,5.09,2.347,487
2022-09-02T00:00:00.000Z,0.73,17.92,3.12,2.13,4.55,2.25,452
2022-09-03T00:00:00.000Z,1.42,18.27,4.4,3.28,5.39,2.044,388
2022-09-04T00:00:00.000Z,1.52,16.95,5.82,3.38,8.27,3.085,230
2022-09-05T00:00:00.000Z,1.75,339.42,6.64,4.15,9.02,18.407,342
2022-09-06T00:00:00.000Z,1.08,31.1,5.49,4.13,7.71,3.395,520
2022-09-07T00:00:00.000Z,1.85,26.42,10.38,7.45,14.38,4.944,494
2022-09-08T00:00:00.000Z,0.6,28.67,6.97,3.8,12.18,5.482,323
2022-09-09T00:00:00.000Z,0.3,30.95,4.03,1.97,10.83,5.934,501
2022-09-10T00:00:00.000Z,0.4,12.7,2.34,1.32,4.05,2.179,504
2022-09-11T00:00:00.000Z,2.4,8.36,3.69,3.13,4.76,1.332,32
2022-09-12T00:00:00.000Z,0.7,14.1,3.9,2.29,6.35,2.693,283
2022-09-13T00:00:00.000Z,0.55,25.23,4.47,2.92,6.53,2.981,483
2022-09-14T00:00:00.000Z,0.7,32.53,4.38,2.8,6.4,3.078,502
2022-09-15T00:00:00.000Z,1.25,27.3,6.22,4.28,8.63,3.304,515
2022-09-16T00:00:00.000Z,0.6,27.83,6.85,3.7,10.18,4.614,484
2022-09-17T00:00:00.000Z,0.03,14.63,0.9,0.4,1.95,2.037,467
2022-09-18T00:00:00.000Z,0.08,21.05,0.93,0.4,1.95,1.873,495
2022-09-19T00:00:00.000Z,0.22,17.5,1.76,0.9,3.13,2.31,482
2022-09-20T00:00:00.000Z,0.3,20.83,3.08,1.75,5.05,3.034,409
2022-09-21T00:00:00.000Z,0.2,30.38,2.25,1.3,3.53,2.411,466
2022-09-22T00:00:00.000Z,0.38,25.17,3.39,1.8,5.88,2.899,506
2022-09-23T00:00:00.000Z,1.4,26.9,4.8,3.3,10.15,4.714,500
2022-09-24T00:00:00.000Z,4.15,30.13,14.18,9.88,20.27,6.355,526
2022-09-25T00:00:00.000Z,2.1,146.07,8.43,6.79,10.3,7.144,508
2022-09-26T00:00:00.000Z,0.9,17.57,4.8,3.53,6.28,2.685,473
2022-09-27T00:00:00.000Z,0.82,59,5.47,3.05,10.84,6.216,480
2022-09-28T00:00:00.000Z,0.7,139.44,6.93,4.13,9.69,8.725,479
2022-09-29T00:00:00.000Z,2.25,23.25,8.32,5.55,11.02,3.73,475
2022-09-30T00:00:00.000Z,0.5,16.8,3.63,2.33,5.15,2.587,479
2022-10-01T00:00:00.000Z,0.8,18.05,3.85,2.25,5.7,2.766,443
2022-10-02T00:00:00.000Z,0.73,15.4,3.58,2.29,4.97,2.206,265
2022-10-03T00:00:00.000Z,1.27,34.04,8.75,4.84,15.48,7.123,262
2022-10-04T00:00:00.000Z,9.75,53.72,22.67,17.69,32.36,10.022,300
2022-10-05T00:00:00.000Z,8.68,66.81,30.38,19.55,37.64,13.248,313
2022-10-06T00:00:00.000Z,28.08,80.63,44.2,38.34,51.83,9.197,516
2022-10-07T00:00:00.000Z,5.8,73.47,28.08,18.17,42.39,14.067,505
2022-10-08T00:00:00.000Z,10.23,46.25,21.74,17.89,26.98,6.203,526
2022-10-09T00:00:00.000Z,3.7,67,28.07,10.02,37.13,14.14,536
2022-10-10T00:00:00.000Z,3.97,31.3,9.8,7.47,13.2,4.203,516
2022-10-11T00:00:00.000Z,3.1,31.45,17,10.23,20.98,6.475,519
2022-10-12T00:00:00.000Z,7.22,37.5,16.77,13.8,20.83,5.336,523
2022-10-13T00:00:00.000Z,17.1,71.38,39.7,26.98,49.47,12.51,523
2022-10-14T00:00:00.000Z,35.15,88.75,55.3,47.64,64.22,10.506,505
2022-10-15T00:00:00.000Z,15.48,99.18,70.92,44.05,78.59,20.931,518
2022-10-16T00:00:00.000Z,34.9,78.18,56.78,48.98,62.63,9.063,413
2022-10-17T00:00:00.000Z,28.5,98.63,59.38,50.53,65.76,11.048,529
2022-10-18T00:00:00.000Z,18.55,70.34,40.27,32.38,53.42,12.008,338
2022-10-21T00:00:00.000Z,14.13,58.58,29.88,22.56,37.22,9.99,505
2022-10-22T00:00:00.000Z,11.63,67.47,21.3,17.64,27.5,7.749,527
2022-10-23T00:00:00.000Z,2.02,30.38,9.57,5.82,13.16,4.959,517
2022-10-24T00:00:00.000Z,9.93,36.47,21.6,18.23,24.63,4.724,513
2022-10-25T00:00:00.000Z,2.27,75.28,21.65,13.98,27.95,11.741,510
2022-10-26T00:00:00.000Z,6.82,47.3,21.5,14.6,29.23,8.629,520
2022-10-27T00:00:00.000Z,18.35,65.2,33.67,27.97,41.88,9.97,516
2022-10-28T00:00:00.000Z,8.1,46.88,25.45,20.42,29.48,6.718,503
2022-10-29T00:00:00.000Z,4.59,48.92,15.95,12.57,21.42,6.57,511
2022-10-30T00:00:00.000Z,4.47,39,15.8,12,20.17,6.027,507
2022-10-31T00:00:00.000Z,5.28,45.63,18.64,13.8,25.52,7.633,513
2022-11-01T00:00:00.000Z,4,35.63,12.77,9.4,21.38,7.776,497
2022-11-02T00:00:00.000Z,14.9,66.88,31.35,24.38,42.38,11.575,498
2022-11-03T00:00:00.000Z,8.94,64.63,35.57,27.23,44.3,10.915,546
2022-11-04T00:00:00.000Z,0,36.72,2.38,0.69,5.2,3.966,496
2022-11-05T00:00:00.000Z,1.2,27.33,5.78,3.6,9.94,5.233,511
2022-11-06T00:00:00.000Z,3.6,49.63,10.83,8.01,14.31,5.048,496
2022-11-07T00:00:00.000Z,4.65,36.2,13.96,10.48,17.54,5.333,540
2022-11-08T00:00:00.000Z,4.82,43.5,11.63,9.07,16.2,4.899,517
2022-11-09T00:00:00.000Z,7.55,39.7,19.88,14.82,25.17,6.247,495
2022-11-10T00:00:00.000Z,8.75,79.03,40.88,22.65,50.65,18.078,463
2022-11-11T00:00:00.000Z,7.35,66.81,32.34,15.82,47.45,15.979,466
2022-11-12T00:00:00.000Z,3.97,57.5,24.83,16.2,32.28,12.264,481
2022-11-13T00:00:00.000Z,2.65,31.02,9.98,6.57,16.73,6.286,477
2022-11-14T00:00:00.000Z,11.13,46.88,20.25,16.01,26.34,7.323,477
2022-11-15T00:00:00.000Z,5.5,39.92,11.88,9.19,14.6,4.387,491
2022-11-16T00:00:00.000Z,3.4,34.5,12,9.5,18.48,6.228,501
2022-11-17T00:00:00.000Z,13.63,36.9,22.79,19.73,25.9,4.667,294
2022-11-18T00:00:00.000Z,1.7,73.59,23.77,10.7,29.24,11.393,513
2022-11-19T00:00:00.000Z,3.85,69.38,20.16,14.2,33.22,11.38,494
2022-11-20T00:00:00.000Z,1.65,72.72,11.55,8.03,15.64,8.766,533
2022-11-21T00:00:00.000Z,6.13,79.75,17.13,14.35,28.2,12.908,517
2022-11-22T00:00:00.000Z,0.2,31.65,9.07,3,13.15,7.011,523
2022-11-23T00:00:00.000Z,3.42,36.67,12.48,8.94,17.98,5.956,516
2022-11-24T00:00:00.000Z,2.17,157.82,10.7,6.2,16.14,9.027,519
2022-11-25T00:00:00.000Z,7.82,67.68,31.75,17.32,39.75,12.868,503
2022-11-26T00:00:00.000Z,13.32,70.25,34.95,27.34,51.89,14.562,521
2022-11-27T00:00:00.000Z,4.05,33.65,15.73,11.48,20.42,5.99,521
2022-11-28T00:00:00.000Z,6.3,43.55,15,11.52,20.85,6.742,490
2022-11-29T00:00:00.000Z,5.75,47.8,20.65,17,25.7,8.301,434
2022-11-30T00:00:00.000Z,26.4,68.2,37.89,33.78,42.4,6.6,530
2022-12-01T00:00:00.000Z,21.02,64.4,37.63,30.99,46.56,9.169,461
2022-12-02T00:00:00.000Z,4.38,68.68,10.39,8.1,25.77,12.163,570
2022-12-03T00:00:00.000Z,3.95,37.47,15.2,9.3,20.17,6.503,559
2022-12-04T00:00:00.000Z,0.5,23.17,7.19,4.03,13.63,5.719,506
2022-12-05T00:00:00.000Z,6.85,34.29,15.19,11.88,19.82,5.463,494
2022-12-06T00:00:00.000Z,3.38,47.45,14.05,7.2,24.1,9.086,522
2022-12-07T00:00:00.000Z,9.68,86.63,25.79,20.48,34.35,12.008,518
2022-12-08T00:00:00.000Z,20.7,102.93,29.27,26.32,33.36,7.216,533
2022-12-09T00:00:00.000Z,3.28,45.33,14.52,9.69,25.41,10.574,508
2022-12-10T00:00:00.000Z,11.3,56.15,31.4,24.26,36.99,8.596,516
2022-12-11T00:00:00.000Z,0.5,27.4,6.88,4.43,12.48,6.187,554
2022-12-12T00:00:00.000Z,9.88,60.97,18.07,15.51,23.81,7.572,484
2022-12-13T00:00:00.000Z,9.65,65.7,29.73,25.45,33.58,6.225,519
2022-12-14T00:00:00.000Z,17.7,47.9,32.6,28.45,36.69,5.678,501
2022-12-15T00:00:00.000Z,7.43,54,32.22,16.92,37.9,11.435,511
2022-12-16T00:00:00.000Z,7.72,33.7,19.36,14.2,23.1,5.597,466
2022-12-17T00:00:00.000Z,9.69,43.58,21.5,17.2,26.58,6.317,504
2022-12-18T00:00:00.000Z,14.98,72.8,46.1,38.03,55.57,11.731,497
2022-12-19T00:00:00.000Z,30.15,87.57,49.67,43.03,59.08,12.464,507
2022-12-20T00:00:00.000Z,19.39,49.17,31.54,27.5,37.51,6.358,508
2022-12-21T00:00:00.000Z,12.1,73.78,27.95,23.97,30.65,5.589,485
2022-12-22T00:00:00.000Z,12.6,91.55,29.14,25.53,32.77,7.305,508
2022-12-23T00:00:00.000Z,33.33,82.57,51.5,45.97,59.15,8.831,375
2022-12-24T00:00:00.000Z,54.63,155.47,67.63,63.28,81.06,15.318,464
2022-12-25T00:00:00.000Z,49.67,110.75,68.42,63.22,76.47,10.755,474
2022-12-26T00:00:00.000Z,29.67,90.5,48.33,40.1,60,13.226,378
2022-12-27T00:00:00.000Z,4.93,85.05,32.17,18.42,49.86,17.113,445
2022-12-28T00:00:00.000Z,23.13,87.05,54.63,38.67,60.2,11.98,468
2022-12-29T00:00:00.000Z,9.77,73.2,47.3,41.95,54.34,10.686,504
2022-12-30T00:00:00.000Z,10.18,74.88,34.75,22.67,45.39,13.507,433
2022-12-31T00:00:00.000Z,18.1,236.57,38.02,31.5,42.78,29.198,452
2023-01-01T00:00:00.000Z,10.23,234.75,25.58,17.77,40.86,62.918,489
2023-01-02T00:00:00.000Z,8.13,63.53,23.85,15.77,33.84,11.312,505
2023-01-03T00:00:00.000Z,4.25,111.43,10.35,7.55,13.1,7.442,413
2023-01-04T00:00:00.000Z,7.35,53.78,20.58,10.4,34.38,12.944,471
2023-01-05T00:00:00.000Z,6.32,83.43,16.17,12.02,37.34,17.693,505
2023-01-06T00:00:00.000Z,29.38,65.18,47.95,40.97,52.72,7.428,511
2023-01-07T00:00:00.000Z,9.4,75.18,29.52,19.82,47.45,16.305,490
2023-01-08T00:00:00.000Z,3,171.23,16.07,5.2,40.92,19.65,534
2023-01-09T00:00:00.000Z,0.1,31.85,4.09,2.38,7.5,4.203,438
2023-01-10T00:00:00.000Z,0.1,16.92,1.86,0.6,4.9,3.18,522
2023-01-11T00:00:00.000Z,2.7,33.75,9.91,7.02,15.18,5.285,484
2023-01-12T00:00:00.000Z,12.02,45.3,22.48,18.48,25.45,5.173,518
2023-01-13T00:00:00.000Z,10.63,81.15,30.55,25.02,34.45,7.765,467
2023-01-14T00:00:00.000Z,5.53,51.75,24.95,17.02,31.37,10.253,528
2023-01-15T00:00:00.000Z,22.27,86.43,49.16,43.45,56.8,11.348,442
2023-01-16T00:00:00.000Z,15.43,129.32,52.65,37,67.55,18.178,486
2023-01-17T00:00:00.000Z,2.38,70.65,36.83,6.5,46.67,20.754,493
2023-01-18T00:00:00.000Z,16.05,58,28.49,23.58,38.17,9.672,426
2023-01-19T00:00:00.000Z,0.4,55.92,3.67,1.95,40.79,19.567,551
2023-01-20T00:00:00.000Z,2.78,35.75,11.77,8.32,15.93,5.607,523
2023-01-21T00:00:00.000Z,0.5,22.67,3.7,1.77,7.14,4.198,500
2023-01-22T00:00:00.000Z,3.15,46.22,8.07,5.82,10.25,3.766,543
2023-01-23T00:00:00.000Z,6.55,53.15,12.88,10.27,16.95,6.301,435
2023-01-24T00:00:00.000Z,1.8,24.63,6.95,4.97,9.13,3.311,507
2023-01-25T00:00:00.000Z,8.57,80.25,17.92,14.67,23.52,8.34,477
2023-01-26T00:00:00.000Z,8.8,40.38,19.73,15.32,26.4,6.814,523
2023-01-27T00:00:00.000Z,5.43,293.8,14.59,11.73,17.27,14.446,410
2023-01-28T00:00:00.000Z,14.88,44.97,26.92,24.07,29.83,4.601,509
2023-01-29T00:00:00.000Z,12.52,36.85,24.73,21.41,27.5,4.416,505
2023-01-30T00:00:00.000Z,24.4,51.42,33.7,30.15,37.72,4.983,138
2023-03-10T00:00:00.000Z,0.4,13.35,2.47,1.1,4.78,3.132,155
2023-03-11T00:00:00.000Z,0.1,101.07,1.83,0.8,3.53,10.117,527
2023-03-12T00:00:00.000Z,2.1,40.04,9.32,6.13,14.38,7.333,435
2023-03-13T00:00:00.000Z,2.67,103.68,8.05,5.75,11.48,6.354,519
2023-03-14T00:00:00.000Z,0.1,36.1,13.95,5.01,16.92,6.959,389
2023-03-15T00:00:00.000Z,0,22.63,0.68,0.3,2.38,2.671,550
2023-03-16T00:00:00.000Z,0.68,629.16,4.15,2.63,5.95,28.053,537
2023-03-17T00:00:00.000Z,2,50.25,6.97,5.34,9.1,4.151,533
2023-03-18T00:00:00.000Z,2.22,30.6,16.17,11.76,19.19,5.778,429
2023-03-19T00:00:00.000Z,3.92,42.22,21.7,16.14,25.58,7.938,517
2023-03-20T00:00:00.000Z,16.3,68.4,28.77,25.58,34.15,8.711,367
2023-03-21T00:00:00.000Z,12.4,81.68,42.96,30.3,57.03,16.837,526
2023-03-22T00:00:00.000Z,1.14,73.78,28.13,9.31,49.95,20.814,513
2023-03-23T00:00:00.000Z,1.5,617.45,4.5,3.22,7.32,27.12,526
2023-03-24T00:00:00.000Z,0.52,17.6,2.72,1.92,4.18,2.015,490
2023-03-25T00:00:00.000Z,0.1,24.83,4.26,2.22,7.23,3.658,492
2023-03-26T00:00:00.000Z,1.27,34.2,8.94,4.95,15.02,5.61,415
2023-03-27T00:00:00.000Z,0,20.65,1,0.5,2.4,3.446,459
2023-03-28T00:00:00.000Z,0.1,74.45,1.67,0.95,3.13,5.101,511
2023-03-29T00:00:00.000Z,0.5,32.13,4.07,2.42,6.35,3.156,423
2023-03-30T00:00:00.000Z,1.63,23.58,6.29,4.59,8.82,3.436,520
2023-03-31T00:00:00.000Z,1.88,31.38,7.82,5.14,10.59,3.841,508
2023-04-01T00:00:00.000Z,0.1,12.05,2.95,1.42,4.53,2.186,307
2023-04-02T00:00:00.000Z,1.38,32.1,7.13,3.15,13.75,7.226,429
2023-04-03T00:00:00.000Z,0.6,20,4.28,2.45,6.78,3.365,535
2023-04-04T00:00:00.000Z,0.8,20.14,3.91,2.79,5.2,2.298,564
2023-04-05T00:00:00.000Z,1.98,17.2,4.59,3.72,5.94,2.04,556
2023-04-06T00:00:00.000Z,2.54,59.8,7.67,5.85,11.02,4.462,582
2023-04-07T00:00:00.000Z,3.95,31.35,9.05,6.63,12.88,4.849,558
2023-04-08T00:00:00.000Z,4.3,52.95,13.32,8.39,23.25,9.883,577
2023-04-09T00:00:00.000Z,2.52,22.35,5.57,3.78,8.72,3.166,573
2023-04-10T00:00:00.000Z,1.38,18.52,3.42,2.88,4.26,1.626,472
2023-04-11T00:00:00.000Z,1.2,41.45,4.72,3.3,8,4.435,573
2023-04-12T00:00:00.000Z,2.2,31.52,11.63,8.81,15.07,5.022,568
2023-04-13T00:00:00.000Z,0.1,34.4,3.9,0.95,25.28,12.142,577
2023-04-14T00:00:00.000Z,0.1,94.97,1.21,0.6,2.15,4.232,574
2023-04-15T00:00:00.000Z,1.1,82.22,3.83,2.92,5.2,6.211,582
2023-04-16T00:00:00.000Z,1.2,20.85,2.91,2.17,4.09,1.843,584
2023-04-17T00:00:00.000Z,0.3,18.6,1.67,1.2,2.54,1.68,575
2023-04-18T00:00:00.000Z,2.47,31,7.28,5.3,10.32,3.696,571
2023-04-19T00:00:00.000Z,1.25,28.7,6.45,4.2,9.68,3.691,495
2023-04-20T00:00:00.000Z,2.29,18.52,6.68,4.97,8.39,2.625,585
2023-04-21T00:00:00.000Z,2.13,16.89,4.55,3.6,6.05,1.928,522
2023-04-22T00:00:00.000Z,1.12,23.5,5.14,3.83,7.15,3.646,510
2023-04-23T00:00:00.000Z,0.8,20.14,3.03,2.04,4.23,3.799,372
2023-04-24T00:00:00.000Z,0.08,20.75,1.98,0.88,3.7,2.1,571
2023-04-25T00:00:00.000Z,0.2,39.54,1.39,0.88,1.94,2.086,568
2023-04-26T00:00:00.000Z,0.5,17.63,3.53,1.8,5.45,2.798,571
2023-04-27T00:00:00.000Z,2.04,218.18,8.06,5.32,13.02,11.71,584
2023-04-28T00:00:00.000Z,1.95,27.92,4.92,3.92,6.46,2.787,396
2023-04-29T00:00:00.000Z,2.42,25.1,7.05,5.18,12.29,4.669,573
2023-04-30T00:00:00.000Z,1.3,36.15,11.73,4.34,18.98,7.719,415
2023-05-01T00:00:00.000Z,1.3,35.54,3.9,2.95,6.69,3.455,565
2023-05-02T00:00:00.000Z,0.4,18.57,2.47,1.8,3.53,2.902,558
2023-05-03T00:00:00.000Z,0.98,13.8,2.44,1.9,3.03,1.399,408
2023-05-04T00:00:00.000Z,0.6,21.05,4.97,3.58,7,3.595,579
2023-05-05T00:00:00.000Z,0.73,29.42,11.03,6.32,16.48,6.136,406
2023-05-06T00:00:00.000Z,0.6,30.17,4.32,2.24,8.15,6.068,577
2023-05-07T00:00:00.000Z,0.3,29.48,1.39,0.9,2.38,4.167,454
2023-05-08T00:00:00.000Z,0.93,16.55,4.43,3,6.65,2.776,561
2023-05-09T00:00:00.000Z,2.8,17.63,6.75,5.47,8.32,2.241,571
2023-05-10T00:00:00.000Z,1.5,19.8,3.83,2.5,5.97,2.894,573
2023-05-11T00:00:00.000Z,0.2,26.55,2.75,1.47,4.25,2.535,565
2023-05-12T00:00:00.000Z,0.22,12.23,2.21,1.5,3.46,1.612,584
2023-05-13T00:00:00.000Z,0.47,74.68,2.29,1.39,3.95,3.55,573
2023-05-14T00:00:00.000Z,0.1,19.14,1.58,0.95,2.4,1.474,578
2023-05-15T00:00:00.000Z,0.4,10.82,2.67,1.55,4,1.706,575
2023-05-16T00:00:00.000Z,0.68,18.75,4.63,2.14,6.98,3.247,460
2023-05-17T00:00:00.000Z,0.3,15.15,2.5,1.78,4,2.035,561
2023-05-18T00:00:00.000Z,0.56,18.3,3.17,2.15,5.22,2.99,574
2023-05-19T00:00:00.000Z,2.22,17.42,6.1,4.57,8.57,2.958,574
2023-05-20T00:00:00.000Z,0.9,65,4.25,2.65,6.43,4.265,580
2023-05-21T00:00:00.000Z,0.55,14.13,4.22,3.28,5.45,2.082,570
2023-05-22T00:00:00.000Z,3.08,290.27,5.92,4.57,7.99,24.626,536
2023-05-23T00:00:00.000Z,1.7,212.73,6.65,4.38,9.44,10.335,572
2023-05-24T00:00:00.000Z,1.6,138.35,6.93,3.99,12.58,10.412,576
2023-05-25T00:00:00.000Z,1.3,41.88,4.57,3.45,6.25,3.978,533
2023-05-26T00:00:00.000Z,0.63,29.98,10.82,6.43,18.14,6.738,429
2023-05-27T00:00:00.000Z,1.45,17.95,6.96,5.38,9.43,3.282,462
2023-05-28T00:00:00.000Z,3.97,20.65,9.05,7.35,12.14,3.264,484
2023-05-29T00:00:00.000Z,1.8,25.13,7.05,5.47,9.52,3.017,499
2023-05-30T00:00:00.000Z,3.2,24.85,8.35,6.75,10.43,2.942,579
2023-05-31T00:00:00.000Z,2.1,17.82,5.09,4.09,6.7,2.348,350
2023-06-01T00:00:00.000Z,3.38,19.88,6.2,4.9,8.02,2.565,559
2023-06-02T00:00:00.000Z,1.7,23.08,4.25,3.22,5.53,2.191,569
2023-06-03T00:00:00.000Z,1.05,49.95,4.15,3,5.18,2.927,463
2023-06-04T00:00:00.000Z,0.5,21.77,4.54,2.9,7.35,4.509,582
2023-06-05T00:00:00.000Z,2,13.07,5.72,3.75,7.45,2.323,214
2023-06-20T00:00:00.000Z,2.08,17.98,3.95,3.28,5.22,2.071,274
2023-06-21T00:00:00.000Z,2.38,34.1,5.65,4.28,7.95,4.021,578
2023-06-22T00:00:00.000Z,3.28,27.6,9.44,7.22,11.57,3.395,574
2023-06-23T00:00:00.000Z,0.75,31.92,4.97,3.33,6.75,3.01,555
2023-06-24T00:00:00.000Z,1.6,26.77,3.33,2.67,4.51,2.231,572
2023-06-25T00:00:00.000Z,0.4,14.48,2.17,1.44,3.22,1.741,585
2023-06-26T00:00:00.000Z,2.1,136.77,4.53,3.53,6.3,10.61,503
2023-06-27T00:00:00.000Z,2.27,17.98,5.6,4,7.4,2.635,577
2023-06-28T00:00:00.000Z,2.45,20.9,5.38,4.3,6.47,2.173,584
2023-06-29T00:00:00.000Z,0.82,52.97,3.15,2.22,4.47,2.918,552
2023-06-30T00:00:00.000Z,2.78,26.4,7.8,6.57,10.3,3.004,578
2023-07-01T00:00:00.000Z,2.5,46.55,11.36,6.52,27.74,12.637,372
2023-07-02T00:00:00.000Z,1.2,22.9,3.83,2.78,8.85,5.172,575
2023-07-03T00:00:00.000Z,0.7,19.2,3.5,2.47,4.93,1.951,551
2023-07-04T00:00:00.000Z,1.2,17.13,4.43,2.67,6.86,3.049,421
2023-07-05T00:00:00.000Z,1,22.92,3.78,2.78,5.09,2.09,545
2023-07-06T00:00:00.000Z,0.85,17.8,5.75,3.6,8.05,3.274,279
2023-07-07T00:00:00.000Z,1.1,15.2,3.83,2.72,5.13,1.902,530
2023-07-08T00:00:00.000Z,2.02,10.93,3.97,3.37,5,1.458,345
2023-07-09T00:00:00.000Z,2.27,15.32,4.57,3.83,5.68,1.71,367
2023-07-10T00:00:00.000Z,2.65,16,6.25,5.25,7.63,2.164,343
2023-07-11T00:00:00.000Z,3.53,33.83,11,7.7,15.8,5.37,535
2023-07-12T00:00:00.000Z,1.2,33.95,7,4.3,11.43,5.609,558
2023-07-13T00:00:00.000Z,0.8,27.95,4.34,3.08,6.1,2.689,543
2023-07-14T00:00:00.000Z,1.25,18.6,4.43,3.17,5.82,2.203,539
2023-07-15T00:00:00.000Z,2.13,21.33,5.28,4.3,6.56,2.085,581
2023-07-16T00:00:00.000Z,1.85,15.63,5.7,4.45,7.38,2.171,587
2023-07-17T00:00:00.000Z,2.52,16.7,6.85,5.47,8.48,2.486,386
2023-07-18T00:00:00.000Z,4.18,20.65,8.48,6.9,10.1,2.463,584
2023-07-19T00:00:00.000Z,3.95,22.45,9.19,7.78,11.45,2.782,470
2023-07-20T00:00:00.000Z,2.9,30.25,7.56,6.1,9.3,2.702,568
2023-07-21T00:00:00.000Z,1.1,16.23,3.9,2.65,7.18,2.972,578
2023-07-22T00:00:00.000Z,2,15.1,4.93,3.6,6.95,2.412,578
2023-07-23T00:00:00.000Z,3.7,22.58,9.6,8,11.38,2.734,585
2023-07-24T00:00:00.000Z,1.9,26.48,10.18,5.96,12.64,4.078,580
2023-07-25T00:00:00.000Z,0.2,81.2,3.64,2.67,4.95,4.246,586
2023-07-26T00:00:00.000Z,0,9.75,0.82,0.52,1.5,1.048,577
2023-07-27T00:00:00.000Z,0.5,19.07,1.92,1.14,3.08,1.86,583
2023-07-28T00:00:00.000Z,0.88,21.83,3.42,2.6,4.7,2.072,578
2023-07-29T00:00:00.000Z,0.75,16.64,2.92,2.25,3.83,1.681,583
2023-07-30T00:00:00.000Z,0.6,9.6,2.1,1.6,3.08,1.492,582
2023-07-31T00:00:00.000Z,1.05,16.05,3.4,2.41,5.09,2.446,580
2023-08-01T00:00:00.000Z,0.6,17.2,5.5,3.42,7.4,2.808,574
2023-08-02T00:00:00.000Z,1.02,19.5,6.07,4.3,8,2.918,579
2023-08-03T00:00:00.000Z,0.95,17.89,5.09,3.2,6.97,2.701,571
2023-08-04T00:00:00.000Z,1,19.2,4.13,2.69,6.06,2.868,580
2023-08-05T00:00:00.000Z,0.1,15.6,2.45,0.8,4.79,2.92,581
2023-08-06T00:00:00.000Z,0,11,0.55,0.3,1,0.857,581
2023-08-07T00:00:00.000Z,0,16.6,0.4,0.2,0.82,1.185,583
2023-08-08T00:00:00.000Z,0.28,19.3,1.27,0.73,2.1,1.662,586
2023-08-09T00:00:00.000Z,0.6,14.63,2.17,1.48,3.63,1.894,583
2023-08-10T00:00:00.000Z,0.56,22.88,3.08,1.95,4.4,2.127,570
2023-08-11T00:00:00.000Z,0.85,15.95,2.97,1.98,4.26,2.06,576
2023-08-12T00:00:00.000Z,1.1,19.7,2.97,2.16,4.26,2.156,584
2023-08-13T00:00:00.000Z,0.93,22.38,3.07,2.13,4.13,2.035,582
2023-08-14T00:00:00.000Z,1.75,15.55,3.5,2.8,4.67,1.724,584
2023-08-15T00:00:00.000Z,1.5,22.98,3.15,2.5,4.34,1.947,581
2023-08-16T00:00:00.000Z,1.33,18.13,4.15,3.53,5.44,2,585
2023-08-17T00:00:00.000Z,0.95,15.07,3.5,2.52,4.93,2.081,581
2023-08-18T00:00:00.000Z,1.2,24.1,4.38,3.19,6.61,4.141,584
2023-08-19T00:00:00.000Z,4.13,18.63,7.42,6.22,9.57,2.636,580
2023-08-20T00:00:00.000Z,3.55,22.27,6.29,5.07,8.31,2.752,568
2023-08-21T00:00:00.000Z,3.28,29.92,6.45,5.2,7.47,2.328,565
2023-08-22T00:00:00.000Z,3.7,28.63,7.07,6.25,8.65,2.296,582
2023-08-23T00:00:00.000Z,3.78,24.13,6.93,5.72,9.02,2.714,583
2023-08-24T00:00:00.000Z,3.67,26.5,8.15,6.35,10.02,3.221,582
2023-08-25T00:00:00.000Z,2.92,28.3,6.46,4.93,8.85,3.296,572
2023-08-26T00:00:00.000Z,0.95,75.55,4.42,3.72,5.4,3.612,582
2023-08-27T00:00:00.000Z,0.9,19.98,6.18,3.83,8.75,3.397,571
2023-08-28T00:00:00.000Z,0.1,227.4,1.75,0.52,6.1,9.956,574
2023-08-29T00:00:00.000Z,0,9.73,0.95,0.43,1.79,1.483,580
2023-08-30T00:00:00.000Z,0.08,12.3,1.83,0.75,2.92,1.783,580
2023-08-31T00:00:00.000Z,0.5,14.07,2.52,1.7,3.75,1.835,575
2023-09-01T00:00:00.000Z,0.98,26.08,3.35,2.33,4.53,2.222,574
2023-09-02T00:00:00.000Z,1.25,22.6,4.97,3.4,7.07,2.957,571
2023-09-03T00:00:00.000Z,0.98,131.32,5.48,2.97,7.7,8.887,564
2023-09-04T00:00:00.000Z,2.04,29.13,5.93,4.34,7.92,2.716,576
2023-09-05T00:00:00.000Z,1.1,26.73,3.88,2.67,5.5,2.571,578
2023-09-06T00:00:00.000Z,1.95,43.1,5.65,4.22,7.5,3.152,579
2023-09-07T00:00:00.000Z,2.33,18.07,5.82,4.55,7.47,2.263,587
2023-09-08T00:00:00.000Z,2.15,48.45,7.13,4.45,9.77,4.187,582
2023-09-09T00:00:00.000Z,3.13,32.47,8.69,6.72,11.4,3.659,579
2023-09-10T00:00:00.000Z,6.43,30.5,12.75,10.3,15.27,3.985,579
2023-09-11T00:00:00.000Z,4.18,31.55,12.63,8.43,22.48,7.389,574
2023-09-12T00:00:00.000Z,2.2,47.03,6.55,4.26,20.09,10.349,581
2023-09-13T00:00:00.000Z,2.58,20.83,6.3,4.53,8.57,3.031,559
2023-09-14T00:00:00.000Z,1.2,25.5,8.59,5.44,13.13,5.299,580
2023-09-15T00:00:00.000Z,0.98,26.15,4.45,3.6,6.65,3.18,563
2023-09-16T00:00:00.000Z,3.6,39.15,7.6,5.85,11.02,4.391,583
2023-09-17T00:00:00.000Z,2.88,15.52,6.85,5,8.78,2.614,585
2023-09-18T00:00:00.000Z,2.47,52.05,14,6.65,25.25,11.978,569
2023-09-19T00:00:00.000Z,1.2,1999.9,5.55,4.15,7.45,123.148,539
2023-09-20T00:00:00.000Z,0.7,26.35,7.54,4.55,12.4,5.376,542
2023-09-21T00:00:00.000Z,3.28,25.38,8.38,6.7,10.27,2.739,583
2023-09-22T00:00:00.000Z,0.68,19.85,5.82,3.45,8.19,3.413,575
2023-09-23T00:00:00.000Z,0,18.63,2.13,1.12,3.42,1.852,585
2023-09-24T00:00:00.000Z,0.2,14.4,1.67,0.95,3.2,2.223,572
2023-09-25T00:00:00.000Z,0.52,12.55,2.29,1.5,3.67,1.799,576
2023-09-26T00:00:00.000Z,1.2,30.23,4.03,2.71,6.3,3.167,557
2023-09-27T00:00:00.000Z,2.58,24.7,7.77,5.63,9.76,3.126,568
2023-09-28T00:00:00.000Z,3.2,26.42,9.13,6.95,12.19,4.215,584
2023-09-29T00:00:00.000Z,5.09,46.85,12.25,9.77,15.52,4.978,586
2023-09-30T00:00:00.000Z,10.77,44.08,17.53,15.24,20.42,4.999,160
2023-10-19T00:00:00.000Z,6.13,127.25,12.05,9.57,15.18,10.074,270
2023-10-20T00:00:00.000Z,0.9,55.03,11.48,5.09,17.63,10.179,583
2023-10-21T00:00:00.000Z,0.32,22.15,7.27,5.15,9.94,3.76,578
2023-10-22T00:00:00.000Z,0.3,29.15,3.4,1.8,6.2,3.599,582
2023-10-23T00:00:00.000Z,2.02,73.72,5.8,4.44,7.55,4.046,585
2023-10-24T00:00:00.000Z,1.75,27.77,7.25,5.07,13.02,5.247,579
2023-10-25T00:00:00.000Z,10.23,59.03,24.48,19.8,30.55,7.74,576
2023-10-26T00:00:00.000Z,16.1,61.88,38.47,24.2,47.38,12.141,581
2023-10-27T00:00:00.000Z,0.88,50.33,7.88,5.38,13.63,9.623,577
2023-10-28T00:00:00.000Z,1.52,270.23,6.88,4.82,10.23,16.631,585
2023-10-29T00:00:00.000Z,1.3,130.68,4.84,3.13,7.25,8.324,579
2023-10-30T00:00:00.000Z,3.03,41.4,17.17,10.3,22.42,7.56,582
2023-10-31T00:00:00.000Z,0,28.85,2.92,0.7,7.59,6.133,585
2023-11-01T00:00:00.000Z,0.7,13.5,3.55,2.4,5.32,2.008,563
2023-11-02T00:00:00.000Z,1.1,19.07,4.97,3.17,7.78,2.825,557
2023-11-03T00:00:00.000Z,0.1,27.48,3.22,1.35,5.78,5.695,576
2023-11-04T00:00:00.000Z,0.8,29.6,3,2.15,4.19,2.234,588
2023-11-05T00:00:00.000Z,0.2,8.63,1.55,0.73,2.67,1.355,583
2023-11-06T00:00:00.000Z,1.7,27.67,5.67,3.95,8.48,4.009,578
2023-11-07T00:00:00.000Z,0.9,43.85,8.88,5.03,17.39,9.532,570
2023-11-08T00:00:00.000Z,1.38,29.83,6.63,3.4,10.85,4.975,578
2023-11-09T00:00:00.000Z,1.5,17,5.69,4.15,7.82,2.815,546
2023-11-10T00:00:00.000Z,1.27,34.04,4.55,3.5,9.18,7.144,572
2023-11-11T00:00:00.000Z,0.4,29.67,4.32,2.2,10.52,7.899,583
2023-11-12T00:00:00.000Z,5.09,35.58,13.55,9.8,20.58,6.979,353
2023-11-13T00:00:00.000Z,8.75,34.1,16.98,15.55,19.19,3.189,541
2023-11-14T00:00:00.000Z,11.3,91.68,25.27,19.42,36.35,11.132,574
2023-11-15T00:00:00.000Z,2.65,93.43,17.2,8.86,30.78,16.236,573
2023-11-16T00:00:00.000Z,2.5,47.25,11.53,5.68,31.58,13.338,582
2023-11-17T00:00:00.000Z,0.1,35.15,3.15,1.02,9.25,7.015,570
2023-11-18T00:00:00.000Z,0.2,20.88,3.67,1.65,8.25,4.371,562
2023-11-19T00:00:00.000Z,5.18,26.95,12.48,10.27,14.93,3.46,577
2023-11-20T00:00:00.000Z,5.2,53.28,25.22,17.3,34.01,10.901,576
2023-11-21T00:00:00.000Z,8.68,64.28,35.35,24.09,42.01,10.559,573
2023-11-22T00:00:00.000Z,1.38,36.72,12.6,5.7,16.23,6.335,586
2023-11-23T00:00:00.000Z,5.75,30.58,12.29,9.85,14.99,4.014,584
2023-11-24T00:00:00.000Z,0.1,34.25,12.56,9.75,15.26,5.514,584
2023-11-25T00:00:00.000Z,0,15.73,0.7,0.25,1.72,1.514,573
2023-11-26T00:00:00.000Z,0.4,15.9,2.35,1.48,4.03,2.12,575
2023-11-27T00:00:00.000Z,3.4,28.83,6.6,5.47,7.97,2.473,578
2023-11-28T00:00:00.000Z,0.13,222.5,12.72,6.97,20.07,15.178,586
2023-11-29T00:00:00.000Z,0.1,27.98,6.72,2.24,13.57,7.165,581
2023-11-30T00:00:00.000Z,3.6,297.85,13.2,6.88,21.25,13.838,587
2023-12-01T00:00:00.000Z,11.15,94.82,22.83,17.39,31.91,10.522,573
2023-12-02T00:00:00.000Z,0.1,41.78,1.38,0.47,18.92,11.037,524
2023-12-03T00:00:00.000Z,0.6,20.42,2.45,1.77,5.45,3.229,583
2023-12-04T00:00:00.000Z,3.58,65.55,8.57,6.57,12.13,5.819,587
2023-12-05T00:00:00.000Z,12,59.08,24.17,20.32,27.7,6.117,578
2023-12-06T00:00:00.000Z,14.6,60.33,25.47,22.27,30.65,6.453,586
2023-12-07T00:00:00.000Z,5.22,50.75,24.5,18.23,34.47,9.436,583
2023-12-08T00:00:00.000Z,6.82,38.29,14.1,11.79,17.01,5.028,584
2023-12-09T00:00:00.000Z,14.63,89.63,32.15,28.1,37.67,8.568,583
2023-12-10T00:00:00.000Z,4.38,141.8,20.84,15.44,28.64,10.248,584
2023-12-11T00:00:00.000Z,24.33,86.65,48.92,42.97,56.78,10.269,585
2023-12-12T00:00:00.000Z,32.03,83.82,51.63,45.03,59.5,10.096,583
2023-12-13T00:00:00.000Z,14.68,67.75,42.65,34.65,49.2,10.618,587
2023-12-14T00:00:00.000Z,23.23,63.63,41.47,36.67,46.5,7.962,582
2023-12-15T00:00:00.000Z,5.3,279.35,21.83,16.57,27.38,13.84,587
2023-12-16T00:00:00.000Z,2.35,33.13,7.63,5.21,14.82,5.972,585
2023-12-17T00:00:00.000Z,9.1,56.97,24.32,15.85,37.4,12.123,586
2023-12-18T00:00:00.000Z,8.02,63.58,27.08,16.14,35.77,11.951,589
2023-12-19T00:00:00.000Z,8.05,59.8,24.25,16.52,30.38,8.553,579
2023-12-20T00:00:00.000Z,22.2,115.13,34.53,31.25,38.13,6.097,587
2023-12-21T00:00:00.000Z,4.93,71.03,36.88,28.89,42.61,13.981,588
2023-12-22T00:00:00.000Z,0.1,17.05,3.17,1.67,5.57,3.08,582
2023-12-23T00:00:00.000Z,1,47.97,4.07,2.8,6,3.206,587
2023-12-24T00:00:00.000Z,2.65,26,7.82,6.03,9.96,3.246,581
2023-12-25T00:00:00.000Z,3.15,36.08,11,8.5,13.76,4.232,588
2023-12-26T00:00:00.000Z,10.68,43.05,23.98,20.02,28.38,5.741,486
2023-12-27T00:00:00.000Z,11.73,40.28,24.45,20.59,29,5.793,581
2023-12-28T00:00:00.000Z,7.1,41.47,20.64,14.2,28.02,7.832,586
2023-12-29T00:00:00.000Z,8.5,34.03,18.7,15.85,21.33,4.288,575
2023-12-30T00:00:00.000Z,12.1,53.78,24.52,20.95,29.69,6.502,585
2023-12-31T00:00:00.000Z,20.1,125.35,43,35.67,54.42,14.033,579
2024-01-01T00:00:00.000Z,5.28,145.13,21.05,16.8,27.4,18.243,575
2024-01-02T00:00:00.000Z,6.9,46.42,16.32,13.38,23.77,9.149,502
2024-01-03T00:00:00.000Z,3.83,32.78,13.19,10.02,18.63,5.623,580
2024-01-04T00:00:00.000Z,4.57,34.47,14.9,11.25,19.38,5.275,583
2024-01-05T00:00:00.000Z,2.13,66.53,15.05,5.2,38.08,16.855,575
2024-01-06T00:00:00.000Z,0.95,27.58,11.52,7.7,15.07,5.429,583
2024-01-07T00:00:00.000Z,0.73,36.38,5.53,3.58,9.26,4.407,585
2024-01-08T00:00:00.000Z,0.2,20.13,4.07,0.9,6.35,3.356,583
2024-01-09T00:00:00.000Z,3.35,20.6,7.45,5.9,8.93,2.608,583
2024-01-10T00:00:00.000Z,4.43,19.35,8.88,7.32,10.49,2.413,581
2024-01-11T00:00:00.000Z,6.4,51.92,18.39,14.7,21.83,5.372,583
2024-01-12T00:00:00.000Z,14.95,81.68,28.25,25.39,31.94,5.785,589
2024-01-13T00:00:00.000Z,12.15,64.15,28.59,23.35,34.97,9.815,586
2024-01-14T00:00:00.000Z,10.63,73.15,21.08,18.17,36.88,15.991,583
2024-01-15T00:00:00.000Z,8.32,94.82,43.42,26.73,58.43,18.642,585
2024-01-16T00:00:00.000Z,22.23,93.43,61.5,44.65,73.15,17.282,583
2024-01-17T00:00:00.000Z,2.1,89.15,29.32,18.85,61.78,23.609,578
2024-01-18T00:00:00.000Z,3.72,101.18,57.92,47.53,64.91,19.622,584
2024-01-19T00:00:00.000Z,0.85,90.65,30.02,3.5,42.3,23.629,583
2024-01-20T00:00:00.000Z,0.93,41.45,4.25,2.65,7.1,7.495,587
2024-01-21T00:00:00.000Z,2.85,38,9.94,7.27,14.06,5.421,588
2024-01-22T00:00:00.000Z,4.43,36.63,15.23,9.64,20.47,6.152,581
2024-01-23T00:00:00.000Z,5.28,42.3,16.54,12.74,22.92,7.832,584
2024-01-24T00:00:00.000Z,14.07,57.4,33.67,28.12,38.28,7.263,577
2024-01-25T00:00:00.000Z,29.13,97.32,71.65,61.43,78.66,13.567,589
2024-01-26T00:00:00.000Z,52.97,110.88,84.34,77.42,90.99,9.768,588
2024-01-27T00:00:00.000Z,38.79,102.78,63.21,53.6,77.79,14.838,588
2024-01-28T00:00:00.000Z,41.83,123.97,66.48,57.14,79.44,14.28,588
2024-01-29T00:00:00.000Z,33.25,87.13,57.74,50.13,65.05,10.585,590
2024-01-30T00:00:00.000Z,22.63,76.31,48.6,40.22,56.89,11.332,589
2024-01-31T00:00:00.000Z,27.95,70.84,50.12,42.3,56.66,9.371,592
2024-02-01T00:00:00.000Z,16.42,100.7,47.29,36.34,61.16,15.553,552
2024-02-02T00:00:00.000Z,34.5,80.9,56.13,46.7,61.4,9.157,535
2024-02-03T00:00:00.000Z,4.8,81.68,34.95,11.38,63.1,25.629,579
2024-02-04T00:00:00.000Z,4.25,55.25,14.32,9.52,23.45,9.264,570
2024-02-05T00:00:00.000Z,4.18,134.38,13.76,9.77,23.1,31.374,588
2024-02-06T00:00:00.000Z,37.42,150.27,107.69,84.81,129.56,29.857,588
2024-02-07T00:00:00.000Z,8.1,105.63,30.17,18.02,63.47,27.057,582
2024-02-08T00:00:00.000Z,6.63,66.28,23.8,19.05,27.98,9.964,559
2024-02-09T00:00:00.000Z,8.1,84.9,50.64,24.7,63.28,21.598,580
2024-02-10T00:00:00.000Z,0.2,15.88,3.47,2.08,5.7,2.814,579
2024-02-11T00:00:00.000Z,0.9,73.78,3.97,2.58,6.47,5.712,583
2024-02-12T00:00:00.000Z,6.07,58.9,20.58,15,26.26,9.378,580
2024-02-13T00:00:00.000Z,1.33,45.05,19.52,12.14,25.97,8.957,585
2024-02-14T00:00:00.000Z,4.93,35.1,14.55,11.6,18.64,4.836,587
2024-02-15T00:00:00.000Z,19,58,34.2,28.17,38.29,6.934,575
2024-02-16T00:00:00.000Z,41.45,96.75,64.95,52.38,73.81,13.152,586
2024-02-17T00:00:00.000Z,46.58,118.9,88.09,67.69,95.78,17.821,588
2024-02-18T00:00:00.000Z,88.3,153.07,113.13,107.85,121.75,10.52,586
2024-02-19T00:00:00.000Z,64.53,148.19,105.53,91.1,122.78,19.326,587
2024-02-20T00:00:00.000Z,57.05,137.25,95.25,74.08,103.44,18.872,584
2024-02-21T00:00:00.000Z,22.5,104.3,57.84,43.7,63.55,17.648,586
2024-02-22T00:00:00.000Z,6.65,83.53,35.96,18.3,68.4,25.124,582
2024-02-23T00:00:00.000Z,0.8,17.89,6.95,2.89,9.16,3.653,589
2024-02-24T00:00:00.000Z,1.65,48.72,7.45,4.3,13.84,11.67,584
2024-02-25T00:00:00.000Z,1.12,21.75,4.88,2.67,8,3.983,587
2024-02-26T00:00:00.000Z,0.55,15.45,2.38,1.77,3.24,1.594,581
2024-02-27T00:00:00.000Z,0.1,322.55,3.13,1.04,4.97,13.712,585
2024-02-28T00:00:00.000Z,1.6,243.93,4.59,3.47,6.03,10.133,587
2024-02-29T00:00:00.000Z,2.47,27.65,10,7.44,13.23,3.991,589
2024-03-01T00:00:00.000Z,1.85,24.02,6.17,4.05,8.35,3.724,522
2024-03-02T00:00:00.000Z,1.08,16.95,6.79,4.72,10.1,3.535,582
2024-03-03T00:00:00.000Z,0.4,17.17,4.5,2.92,7.25,3.389,587
2024-03-04T00:00:00.000Z,0.3,44.8,2.75,1.55,4.32,3.549,581
2024-03-05T00:00:00.000Z,0.3,18.14,4.76,2.7,6.82,2.916,578
2024-03-06T00:00:00.000Z,0.2,17.7,2.4,1.35,4.2,2.284,582
2024-03-07T00:00:00.000Z,2.04,21.63,8.4,5.57,10.99,3.765,561
2024-03-08T00:00:00.000Z,6.07,32.79,11.65,9.38,15.02,4.022,575
2024-03-09T00:00:00.000Z,3.63,33.58,11.1,9.25,13.07,4.035,580
2024-03-10T00:00:00.000Z,0.3,14.45,2.72,1.23,5.63,3.223,576
2024-03-11T00:00:00.000Z,1.4,15.9,4.55,3.25,6.13,2.337,550
2024-03-12T00:00:00.000Z,0.1,23.1,3.22,1.58,6.93,4.629,574
2024-03-13T00:00:00.000Z,0.88,44.9,5.57,3.35,22.4,11.995,583
2024-03-14T00:00:00.000Z,1.38,55.05,12.89,5.07,35.75,15.48,580
2024-03-15T00:00:00.000Z,0.85,14.38,3.72,2.63,5.22,2.2,569
2024-03-16T00:00:00.000Z,1.7,30.42,6.22,4.4,10.07,5.023,587
2024-03-17T00:00:00.000Z,2.13,37.72,19.48,14.24,22.42,6.844,565
2024-03-18T00:00:00.000Z,1.12,77.5,5.35,3.88,8.02,16.248,587
2024-03-19T00:00:00.000Z,17.7,93.1,45.15,30.67,64.28,18.433,585
2024-03-20T00:00:00.000Z,11.3,56.33,28.25,18.8,36.89,11.701,584
2024-03-21T00:00:00.000Z,5.82,55.8,30.15,18.85,35,10.786,586
2024-03-22T00:00:00.000Z,19.98,94.9,50.75,39.6,72.53,17.901,507
2024-03-23T00:00:00.000Z,0.3,74.09,13.48,7.13,30.05,15.789,541
2024-03-24T00:00:00.000Z,0,7.9,0.45,0.3,0.82,0.875,571
2024-03-25T00:00:00.000Z,0.1,19.1,1.63,0.77,3.8,3.044,588
2024-03-26T00:00:00.000Z,1.7,19.45,5.22,4,6.65,2.299,587
2024-03-27T00:00:00.000Z,0.56,22.95,2.97,1.75,9.02,5.438,587
2024-03-28T00:00:00.000Z,0.73,12.55,3.42,2.57,4.48,1.624,580
2024-03-29T00:00:00.000Z,4.07,31.92,11.85,7.4,18.92,6.538,369
2024-03-30T00:00:00.000Z,2.38,78,32.28,12.76,41.33,16.047,577
2024-03-31T00:00:00.000Z,5.78,63.03,23.87,16.91,28.76,8.428,584
2024-04-01T00:00:00.000Z,0.17,43.7,2.57,1.38,16.39,10.56,538
2024-04-02T00:00:00.000Z,0,14.18,2.2,1.27,3.25,1.782,577
2024-04-03T00:00:00.000Z,0.7,51.75,5.2,3.65,6.95,3.472,587
2024-04-04T00:00:00.000Z,1.23,18.05,4.53,3.37,6.27,2.193,585
2024-04-05T00:00:00.000Z,1.02,20.83,4.7,3.13,6.5,2.574,577
2024-04-06T00:00:00.000Z,0.45,15.93,4.38,3.08,6.57,2.582,587
2024-04-07T00:00:00.000Z,0.43,38.4,3.79,2.31,7.07,5.041,584
2024-04-08T00:00:00.000Z,3.55,36.38,13.98,10.73,16.75,4.597,579
2024-04-09T00:00:00.000Z,0.25,100.9,13.25,8.41,19.48,8.953,581
2024-04-10T00:00:00.000Z,0,14.63,1.48,0.54,2.54,1.567,573
2024-04-11T00:00:00.000Z,0.73,36.04,4.28,2.46,6.9,3.367,561
2024-04-12T00:00:00.000Z,1.58,26.75,6.78,4.47,9.73,4.145,568
2024-04-13T00:00:00.000Z,2.1,52,9.3,5.57,14.9,7.896,586
2024-04-14T00:00:00.000Z,1.55,45.6,9.82,3.83,22.59,10.581,585
2024-04-15T00:00:00.000Z,1.17,46.58,4.34,3.13,6,2.923,589
2024-04-16T00:00:00.000Z,0.1,24,2.97,1,6.28,3.621,589
2024-04-17T00:00:00.000Z,0.05,114.68,2.17,1.27,3.47,5.201,584
2024-04-18T00:00:00.000Z,0.2,14.45,1.92,1.1,3.08,1.874,575
2024-04-19T00:00:00.000Z,0.2,27.2,2.13,1.23,3.3,2.479,587
2024-04-20T00:00:00.000Z,0,17.38,0.76,0.32,1.83,1.434,564
2024-04-21T00:00:00.000Z,0.08,8.32,0.7,0.4,1.2,0.944,587
2024-04-22T00:00:00.000Z,0.1,13.02,1.1,0.6,2.02,1.244,583
2024-04-23T00:00:00.000Z,0.35,55.75,3.5,1.85,4.65,4.135,580
2024-04-24T00:00:00.000Z,0.3,23.35,3.17,1.48,6.07,3.54,585
2024-04-25T00:00:00.000Z,0.93,18.73,3.15,1.98,5.45,3.926,586
2024-04-26T00:00:00.000Z,1.3,19.1,3.4,2.41,4.62,3.451,564
2024-04-27T00:00:00.000Z,1.7,26.52,6.15,3.6,8.8,3.887,589
2024-04-28T00:00:00.000Z,1.5,31.95,7.35,4.87,9.8,3.917,589
2024-04-29T00:00:00.000Z,1.45,26.08,6.28,4.53,8.44,3.358,588
2024-04-30T00:00:00.000Z,1.33,25.08,6.92,4.4,9.63,3.854,590
2024-05-01T00:00:00.000Z,2.38,32.83,7.22,5.55,9.65,3.045,551
2024-05-02T00:00:00.000Z,0.3,12.13,2.4,1.2,3.82,2.04,589
2024-05-03T00:00:00.000Z,0.1,21.5,1.41,0.65,3.18,2.77,588
2024-05-04T00:00:00.000Z,0.2,105.85,1.66,0.73,2.58,5.554,374
2024-05-05T00:00:00.000Z,0.2,11.73,2.04,1.2,3.09,1.573,472
2024-05-06T00:00:00.000Z,0.3,16.14,3.08,2.1,4.57,2.233,590
2024-05-07T00:00:00.000Z,0.7,16.45,3.25,2.17,5.38,2.686,585
2024-05-08T00:00:00.000Z,0.5,13.63,3.33,1.98,4.84,2.043,589
2024-05-09T00:00:00.000Z,0.2,14.07,2.04,1.1,3.28,1.738,590
2024-05-10T00:00:00.000Z,1.4,19.45,3.75,2.88,5.03,1.925,588
2024-05-11T00:00:00.000Z,0.77,37.2,4.69,2.74,7.17,3.995,588
2024-05-12T00:00:00.000Z,0.6,27.05,4.48,3.2,6.07,2.669,586
2024-05-13T00:00:00.000Z,0.98,22.17,3.65,2.22,5.68,2.971,587
2024-05-14T00:00:00.000Z,4.15,25.95,11.37,8.8,13.73,3.552,590
2024-05-15T00:00:00.000Z,0.5,20.45,2.58,1.7,3.94,2.59,584
2024-05-16T00:00:00.000Z,0.68,15.98,4.8,3.17,7.13,2.902,571
2024-05-17T00:00:00.000Z,0.3,17.1,2.5,1.5,3.88,2.104,587
2024-05-18T00:00:00.000Z,0.32,38.5,2.38,1.42,3.3,2.254,588
2024-05-19T00:00:00.000Z,0.75,19.5,3.47,2.27,5.81,2.751,588
2024-05-20T00:00:00.000Z,2.22,27.67,8,4.8,12.52,5.382,587
2024-05-21T00:00:00.000Z,0.2,20.8,2.5,1.25,4.47,2.973,586
2024-05-22T00:00:00.000Z,0.2,23.67,3.96,2.25,6.7,3.405,590
2024-05-23T00:00:00.000Z,0.56,19.32,3.25,1.65,6.28,3.577,589
2024-05-24T00:00:00.000Z,0.77,20.5,4.03,2.54,6.53,3.387,591
2024-05-25T00:00:00.000Z,0.5,11.85,1.98,1.33,2.94,1.6,588
2024-05-26T00:00:00.000Z,0.4,30.02,1.63,1.05,2.8,1.911,590
2024-05-27T00:00:00.000Z,1.3,18.45,4.38,3.3,5.93,2.179,589
2024-05-28T00:00:00.000Z,2.85,39.54,8.4,5.18,12.88,5.34,589
2024-05-29T00:00:00.000Z,1.4,26.83,5,3.28,7.05,3.51,590
2024-05-30T00:00:00.000Z,0.8,19.13,5.2,3.42,8.19,3.782,586
2024-05-31T00:00:00.000Z,0,18.8,1.4,0.63,2.52,1.796,590
2024-06-01T00:00:00.000Z,0.4,24.25,2.45,1.6,3.92,2.035,551
2024-06-02T00:00:00.000Z,0.35,13.23,3.05,1.92,4.53,1.984,591
2024-06-03T00:00:00.000Z,0.5,38.45,3.42,1.91,6.25,3.573,589
2024-06-04T00:00:00.000Z,0.5,10.88,1.98,1.38,3,1.451,585
2024-06-05T00:00:00.000Z,0.73,15.52,2.47,1.64,3.76,2.045,588
2024-06-06T00:00:00.000Z,1.3,21.35,3.13,2.33,4.38,2.037,586
2024-06-07T00:00:00.000Z,1.8,16.8,4.78,3.6,6.28,2.216,589
2024-06-08T00:00:00.000Z,1.8,18.17,3.95,2.95,5.25,2.078,589
2024-06-09T00:00:00.000Z,2.27,60,7.03,4.65,11.84,6.608,589
2024-06-10T00:00:00.000Z,1.83,28.15,7.28,5.25,10.27,4.011,585
2024-06-11T00:00:00.000Z,0.6,19.3,4.95,3.08,7.15,3.067,588
2024-06-12T00:00:00.000Z,0.2,8.57,1.4,0.9,2.15,1.173,586
2024-06-13T00:00:00.000Z,0.15,23.52,1.6,0.8,3,1.844,585
2024-06-14T00:00:00.000Z,0.5,54.5,3.5,2.35,4.84,3.546,587
2024-06-15T00:00:00.000Z,0.8,24.95,5.78,3.85,7.3,3.132,518
2024-06-16T00:00:00.000Z,0.7,10.15,2.72,1.88,3.83,1.411,589
2024-06-17T00:00:00.000Z,0.9,9.07,2.6,1.77,3.67,1.471,586
2024-06-18T00:00:00.000Z,1.48,20.8,6.43,4.78,9.18,3.132,587
2024-06-19T00:00:00.000Z,1.83,21.27,7.22,5.5,9.06,2.745,585
2024-06-20T00:00:00.000Z,2.97,28.85,9.86,7.63,12.31,3.531,584
2024-06-21T00:00:00.000Z,3.9,45.92,16.02,11.25,24.15,8.338,578
2024-06-22T00:00:00.000Z,0.13,14.7,3.25,1.88,5.28,2.534,582
2024-06-23T00:00:00.000Z,0.1,15.68,1.14,0.6,1.85,1.345,587
2024-06-24T00:00:00.000Z,0.2,12.3,3.75,2.52,5.38,2.217,586
2024-06-25T00:00:00.000Z,0.85,15.57,3.92,2.63,6.05,2.672,591
2024-06-26T00:00:00.000Z,1.1,480.65,4.65,3.1,7.97,25.954,591
2024-06-27T00:00:00.000Z,1.55,19.07,4.07,2.95,6.37,2.589,585
2024-06-28T00:00:00.000Z,0.93,19.48,2.78,2.02,4.15,2.091,589
2024-06-29T00:00:00.000Z,4.9,33.54,10.88,8.98,13.3,3.722,590
2024-06-30T00:00:00.000Z,1.7,27.65,7.32,5.5,10.8,5.955,590
2024-07-01T00:00:00.000Z,1.8,23.83,4.72,3.54,6.54,2.883,576
2024-07-02T00:00:00.000Z,0.85,22.48,4.2,2.97,5.97,2.822,586
2024-07-03T00:00:00.000Z,0.32,22.33,2,1.4,3.65,1.885,589
2024-07-04T00:00:00.000Z,0.6,42.78,6.18,2.29,9.98,5.84,587
2024-07-05T00:00:00.000Z,1.12,22.85,3.63,2.5,4.84,2.093,587
2024-07-06T00:00:00.000Z,1.08,19.55,3.3,2.35,5.39,2.588,589
2024-07-07T00:00:00.000Z,0.47,12.85,3.55,2.65,4.72,1.684,591
2024-07-08T00:00:00.000Z,0.6,83.97,5.63,2.97,7.63,5.226,587
2024-07-09T00:00:00.000Z,3.88,37.38,8.07,6.4,9.69,3.052,585
2024-07-10T00:00:00.000Z,2.22,22.75,7.13,5,9.27,3.237,590
2024-07-11T00:00:00.000Z,2.1,25.25,5.46,4.03,6.62,2.75,584
2024-07-12T00:00:00.000Z,0.68,49.03,4.05,2.79,5.54,3.228,592
2024-07-13T00:00:00.000Z,0.73,15.07,3.21,2.04,4.59,1.984,590
2024-07-14T00:00:00.000Z,0.5,9.98,2,1.5,2.65,1.228,591
2024-07-15T00:00:00.000Z,0.98,13.02,3.05,2.2,4.32,1.697,587
2024-07-16T00:00:00.000Z,0.85,18.55,2.83,2.1,4.09,1.737,589
2024-07-17T00:00:00.000Z,1.38,16.73,3.95,3.08,5.29,2.06,585
2024-07-18T00:00:00.000Z,2.8,19.05,5.5,4.45,7.18,2.277,588
2024-07-19T00:00:00.000Z,2.4,34.1,6.9,5.13,8.4,3.053,581
2024-07-20T00:00:00.000Z,1.8,10.23,3.22,2.72,4,1.335,587
2024-07-21T00:00:00.000Z,1.8,12.82,3.65,3,5.04,1.886,585
2024-07-22T00:00:00.000Z,1.42,21.38,3.75,2.97,4.88,1.85,586
2024-07-23T00:00:00.000Z,1.5,14.15,4.25,3.25,5.6,1.997,587
2024-07-24T00:00:00.000Z,2.65,19.88,5.09,4.17,6.39,2.373,589
2024-07-25T00:00:00.000Z,1.1,11.65,2.95,2.25,4.09,1.686,588
2024-07-26T00:00:00.000Z,0.9,18.52,2.8,1.95,4.37,2.04,588
2024-07-27T00:00:00.000Z,2.1,14.3,5.38,4.2,6.64,1.834,589
2024-07-28T00:00:00.000Z,1.58,28.9,4.57,3.7,6.05,2.528,590
2024-07-29T00:00:00.000Z,1.12,20.02,3.47,2.54,4.7,2.135,585
2024-07-30T00:00:00.000Z,1.77,17.2,4.65,3.63,6.64,2.398,561
2024-07-31T00:00:00.000Z,1.92,27.1,5.35,4.13,7.32,3.417,557
2024-08-01T00:00:00.000Z,2.52,20.05,5.53,4.32,8,3.071,567
2024-08-02T00:00:00.000Z,1.5,23.55,4.93,3.63,7.09,2.733,573
2024-08-03T00:00:00.000Z,2.17,26.08,7.7,5.65,10.05,3.327,578
2024-08-04T00:00:00.000Z,1.6,13.8,3.42,2.75,4.53,1.563,551
2024-08-05T00:00:00.000Z,1.7,21.75,3.67,3,4.84,1.98,551
2024-08-06T00:00:00.000Z,2.47,20.02,5.09,4.17,6.25,2.02,557
2024-08-07T00:00:00.000Z,1.6,53,5.68,3.4,8.23,4.315,554
2024-08-08T00:00:00.000Z,2.17,18.75,5.37,3.58,8.85,3.399,562
2024-08-09T00:00:00.000Z,2.38,19.88,5.94,4.57,7.85,2.857,534
2024-08-10T00:00:00.000Z,3.28,34.53,6.63,4.93,8.55,3.448,543
2024-08-11T00:00:00.000Z,3.05,14.75,5.68,4.34,6.95,1.855,576
2024-08-12T00:00:00.000Z,2.4,20.88,5.7,4.57,6.81,3.209,553
2024-08-13T00:00:00.000Z,2,31.73,5.07,4,6.85,3.63,551
2024-08-14T00:00:00.000Z,1.6,13.52,4.05,3.3,4.93,1.654,525
2024-08-15T00:00:00.000Z,1.6,25.17,3.72,3.09,4.82,1.907,476
2024-08-16T00:00:00.000Z,1.95,51.7,5.45,4.25,7.3,6.141,454
2024-08-17T00:00:00.000Z,1.88,15.63,5.47,4.2,7.13,2.279,547
2024-08-18T00:00:00.000Z,0.4,11.23,2.67,1.58,4.09,1.944,544
2024-08-19T00:00:00.000Z,0.6,20.65,3.26,2.38,4.4,2.111,534
2024-08-20T00:00:00.000Z,0.88,19.92,2.92,2,4,1.935,543
2024-08-21T00:00:00.000Z,1.6,17.25,5.8,4.05,7.25,2.463,537
2024-08-22T00:00:00.000Z,4.34,27.38,8.98,7.45,10.79,2.695,540
2024-08-23T00:00:00.000Z,3.38,34.2,7.7,6.38,9.48,2.723,550
2024-08-24T00:00:00.000Z,4,35.72,6.94,5.54,10.6,4.704,564
2024-08-25T00:00:00.000Z,4,19.88,6.15,5.45,7,1.647,561
2024-08-26T00:00:00.000Z,1.6,23.75,3.95,2.92,5.9,2.719,550
2024-08-27T00:00:00.000Z,1.98,27.27,5.53,4.22,7.15,2.889,546
2024-08-28T00:00:00.000Z,5.2,19.7,7.53,6.53,8.93,2.054,562
2024-08-29T00:00:00.000Z,4.55,21.63,8.68,6.57,11.06,3.044,541
2024-08-30T00:00:00.000Z,4.63,28.3,8.9,7.13,11.55,4.034,543
2024-08-31T00:00:00.000Z,6.18,22.67,9.73,8.44,11.68,2.562,542
2024-09-01T00:00:00.000Z,3.72,30.67,8.63,6.63,10.56,3.371,556
2024-09-02T00:00:00.000Z,2.67,37.78,6.88,5.03,8.9,3.176,551
2024-09-03T00:00:00.000Z,2.27,229.48,5.92,4.34,7.47,9.932,548
2024-09-04T00:00:00.000Z,1.6,18,6.15,4.72,8.55,2.692,550
2024-09-05T00:00:00.000Z,0.2,16.1,4.5,2.2,6.85,3.363,549
2024-09-06T00:00:00.000Z,1.35,32.5,7.94,4.34,14.22,6.625,544
2024-09-07T00:00:00.000Z,0.93,15.93,3.83,2.8,5.3,2.159,482
2024-09-08T00:00:00.000Z,1.48,29.48,7.94,5.2,12.87,5.395,544
2024-09-09T00:00:00.000Z,0,22.73,1.27,0.6,2.82,4.274,560
2024-09-10T00:00:00.000Z,0,21.63,2.17,1.08,3.58,2.323,534
2024-09-11T00:00:00.000Z,0.7,12.88,3.28,2.29,4.5,1.856,554
2024-09-12T00:00:00.000Z,0.1,24.15,1.12,0.65,2.15,2.049,557
2024-09-13T00:00:00.000Z,0,18.98,0.59,0.2,1.65,1.875,518
2024-09-14T00:00:00.000Z,0,13.75,0.63,0.2,1.48,1.464,571
2024-09-15T00:00:00.000Z,0.13,13.95,1.67,0.88,3.65,2.467,556
2024-09-16T00:00:00.000Z,0.22,15.02,2.27,1.23,3.79,2.307,568
2024-09-17T00:00:00.000Z,0.1,54.58,1.95,1.08,3.2,3.308,562
2024-09-18T00:00:00.000Z,0.56,19.02,2.7,1.9,4.09,2.011,560
2024-09-19T00:00:00.000Z,0.8,23.95,3.5,2.6,5.25,2.577,553
2024-09-20T00:00:00.000Z,1.5,30.55,6.05,3.93,8.57,3.59,553
2024-09-21T00:00:00.000Z,2.6,24.38,6.8,4.93,9.23,3.474,574
2024-09-22T00:00:00.000Z,3,34.08,8.13,6.38,9.93,2.872,564
2024-09-23T00:00:00.000Z,5.68,30.75,12.77,8.81,17.6,5.401,553
2024-09-24T00:00:00.000Z,1.77,88.88,9.06,5.31,18.8,8.252,552
2024-09-25T00:00:00.000Z,1.7,16.63,5.09,3.95,6.6,2.208,547
2024-09-26T00:00:00.000Z,3.17,32.08,8.52,5.6,12.85,5.936,565
2024-09-27T00:00:00.000Z,0.47,46.8,10.8,3.99,22.77,10.682,413
2024-09-28T00:00:00.000Z,0,14.38,0.8,0.25,1.73,1.656,403
2024-09-29T00:00:00.000Z,0,13.77,0.93,0.4,1.83,1.487,562
2024-09-30T00:00:00.000Z,0.2,23.8,2.17,1,3.97,2.386,564
2024-10-01T00:00:00.000Z,2.47,33.15,7.22,5.27,10.24,3.805,565
2024-10-02T00:00:00.000Z,3.33,32.45,8.8,6.93,12.27,5.476,563
2024-10-03T00:00:00.000Z,0.3,49.42,2.38,1.17,4.34,10.324,559
2024-10-04T00:00:00.000Z,0.2,11.32,2.17,1.14,3.28,1.732,579
2024-10-05T00:00:00.000Z,0.5,21.55,3.25,2.4,4.3,1.871,577
2024-10-06T00:00:00.000Z,1.4,145.3,5.6,4.22,6.82,7.041,560
2024-10-07T00:00:00.000Z,4.2,24.48,8.9,7.47,12.13,4.418,496
2024-10-08T00:00:00.000Z,0.55,102.25,7.71,3.77,13.82,7.6,558
2024-10-09T00:00:00.000Z,2.35,65,18.5,9.02,26.83,10.816,567
2024-10-10T00:00:00.000Z,0.63,20.07,3.15,2.15,4.53,1.994,566
2024-10-11T00:00:00.000Z,1.25,79.59,4.59,3.28,6.37,8.675,565
2024-10-12T00:00:00.000Z,0.82,28.48,3.5,2.1,9.34,4.988,581
2024-10-13T00:00:00.000Z,0.75,31.35,4.97,2.63,8.75,4.106,559
2024-10-14T00:00:00.000Z,1.92,29.52,14.44,6.63,18.64,6.65,570
2024-10-15T00:00:00.000Z,5.9,86.68,15.77,10.03,35.39,13.468,544
2024-10-16T00:00:00.000Z,5.75,49.15,16.95,8.38,33.44,12.308,576
2024-10-17T00:00:00.000Z,1.98,27.92,7.35,6.07,8.77,2.344,557
2024-10-18T00:00:00.000Z,0.4,186.52,3.67,2.2,6.07,9.167,572
2024-10-19T00:00:00.000Z,0.8,21.4,3.9,2.63,5.15,2.109,562
2024-10-20T00:00:00.000Z,0.32,27.77,5.65,2.7,11,5.446,566
2024-10-21T00:00:00.000Z,2.67,31.27,10.06,7.12,13.96,4.882,572
2024-10-22T00:00:00.000Z,6.38,76.28,21.44,16.73,26.07,8.279,560
2024-10-23T00:00:00.000Z,6.35,57.63,28.23,13.38,36.58,12.357,578
2024-10-24T00:00:00.000Z,2.97,43.38,8.09,5.68,11.4,5.449,566
2024-10-25T00:00:00.000Z,4.5,35.83,16.38,11.86,22.24,6.491,516
2024-10-26T00:00:00.000Z,3.63,32.63,8.68,6.65,11.67,4.229,560
2024-10-27T00:00:00.000Z,7.22,38.92,17.85,14.75,22.02,5.165,555
2024-10-28T00:00:00.000Z,4.8,30.55,13.38,10.62,16.39,4.458,552
2024-10-29T00:00:00.000Z,3,36.83,15,10.63,19.67,6.603,562
2024-10-30T00:00:00.000Z,3.63,56.4,16.35,12.32,24.67,8.619,547
2024-10-31T00:00:00.000Z,5.3,50.1,23.83,18.98,32.2,9.052,562
2024-11-01T00:00:00.000Z,4.34,52.08,16.8,11.62,24.24,10.145,545
2024-11-02T00:00:00.000Z,4.55,47.2,14.35,10.73,20.6,9.241,531
2024-11-03T00:00:00.000Z,4.55,39.2,13.8,9.06,18.92,6.666,525
2024-11-04T00:00:00.000Z,6.38,70.18,39.03,20.6,50.88,16.915,487
2024-11-05T00:00:00.000Z,19.27,60.22,36.44,30.45,43.45,8.53,390
2024-11-06T00:00:00.000Z,13.43,57.13,38.22,20.59,45.54,12.599,380
2024-11-07T00:00:00.000Z,12.52,67.7,32,26.75,39.1,10.161,473
2024-11-08T00:00:00.000Z,18.13,75.47,36.03,28.91,43.44,8.971,452
2024-11-09T00:00:00.000Z,34.95,89.85,54.92,48.3,63.67,10.363,363
2024-11-10T00:00:00.000Z,13.45,72.34,31.25,21.65,47.53,14.94,351
2024-11-11T00:00:00.000Z,7.38,50.2,18.08,14.43,33.55,11.676,239